[{"first_name":"Carol","last_name":"Berry","email":"cberry0@hatena.ne.jp","phone":"1-(214)416-6645","street_address":"4 Kenwood Crossing","zipcode":"75367","years_in_business":2,"state":"Texas","description":"Other fracture of left ilium, sequela","company":"Skinte","city":"Dallas","category":"Programmer Analyst III"},
{"first_name":"Rose","last_name":"Gutierrez","email":"rgutierrez1@163.com","phone":"1-(402)462-1276","street_address":"47286 Aberg Avenue","zipcode":"68517","years_in_business":13,"state":"Nebraska","description":"Non-pressure chronic ulcer of unspecified part of left lower leg with fat layer exposed","company":"Babbleset","city":"Lincoln","category":"Nurse"},
{"first_name":"Juan","last_name":"Dixon","email":"jdixon2@japanpost.jp","phone":"1-(402)659-9012","street_address":"080 Blackbird Terrace","zipcode":"68144","years_in_business":9,"state":"Nebraska","description":"Idiopathic chronic gout, right shoulder, without tophus (tophi)","company":"Twinder","city":"Omaha","category":"Software Consultant"},
{"first_name":"Johnny","last_name":"Mccoy","email":"jmccoy3@slate.com","phone":"1-(402)851-9261","street_address":"17 Grim Junction","zipcode":"68105","years_in_business":16,"state":"Nebraska","description":"Other specified rheumatoid arthritis, unspecified wrist","company":"Riffpedia","city":"Omaha","category":"Internal Auditor"},
{"first_name":"Christopher","last_name":"Powell","email":"cpowell4@webs.com","phone":"1-(940)725-1108","street_address":"3701 Delaware Court","zipcode":"76310","years_in_business":19,"state":"Texas","description":"Other injury of other muscles, fascia and tendons at forearm level, right arm","company":"Skiba","city":"Wichita Falls","category":"Pharmacist"},
{"first_name":"Nicholas","last_name":"Gibson","email":"ngibson5@artisteer.com","phone":"1-(205)193-4828","street_address":"88 Union Pass","zipcode":"35295","years_in_business":1,"state":"Alabama","description":"Dislocation of proximal interphalangeal joint of right ring finger, subsequent encounter","company":"Linkbridge","city":"Birmingham","category":"Pharmacist"},
{"first_name":"Robert","last_name":"Schmidt","email":"rschmidt6@tinyurl.com","phone":"1-(785)161-4334","street_address":"849 Merry Hill","zipcode":"66629","years_in_business":16,"state":"Kansas","description":"Salter-Harris Type II physeal fracture of upper end of unspecified fibula, subsequent encounter for fracture with routine healing","company":"Livetube","city":"Topeka","category":"Budget/Accounting Analyst I"},
{"first_name":"Tina","last_name":"Diaz","email":"tdiaz7@reuters.com","phone":"1-(419)779-9361","street_address":"05 Kennedy Pass","zipcode":"43610","years_in_business":14,"state":"Ohio","description":"Contusion of eyelid and periocular area","company":"Browseblab","city":"Toledo","category":"Database Administrator II"},
{"first_name":"Anna","last_name":"Garcia","email":"agarcia8@google.co.jp","phone":"1-(713)684-5874","street_address":"667 Leroy Way","zipcode":"77234","years_in_business":17,"state":"Texas","description":"Traumatic hemorrhage of cerebrum, unspecified","company":"Layo","city":"Houston","category":"Cost Accountant"},
{"first_name":"Jeffrey","last_name":"Mason","email":"jmason9@nationalgeographic.com","phone":"1-(432)605-9379","street_address":"72598 Corben Crossing","zipcode":"79769","years_in_business":20,"state":"Texas","description":"Nondisplaced spiral fracture of shaft of ulna, unspecified arm, subsequent encounter for closed fracture with delayed healing","company":"Yotz","city":"Odessa","category":"Editor"},
{"first_name":"Matthew","last_name":"Long","email":"mlonga@dot.gov","phone":"1-(202)668-5952","street_address":"669 Namekagon Center","zipcode":"20599","years_in_business":1,"state":"District of Columbia","description":"Body mass index (BMI) 35.0-35.9, adult","company":"Podcat","city":"Washington","category":"Director of Sales"},
{"first_name":"Shirley","last_name":"Carpenter","email":"scarpenterb@mit.edu","phone":"1-(507)154-8495","street_address":"87 Lawn Drive","zipcode":"55905","years_in_business":11,"state":"Minnesota","description":"Laceration of duodenum","company":"Dazzlesphere","city":"Rochester","category":"Tax Accountant"},
{"first_name":"Ernest","last_name":"Lawrence","email":"elawrencec@huffingtonpost.com","phone":"1-(412)796-5383","street_address":"334 Hintze Crossing","zipcode":"15230","years_in_business":2,"state":"Pennsylvania","description":"Pre-existing hypertensive heart and chronic kidney disease complicating pregnancy, third trimester","company":"Blogspan","city":"Pittsburgh","category":"General Manager"},
{"first_name":"Jennifer","last_name":"Foster","email":"jfosterd@blogspot.com","phone":"1-(850)342-3119","street_address":"80 Cottonwood Pass","zipcode":"32412","years_in_business":19,"state":"Florida","description":"Contact with other hot objects, undetermined intent, initial encounter","company":"Mita","city":"Panama City","category":"Account Executive"},
{"first_name":"Cheryl","last_name":"Butler","email":"cbutlere@wordpress.org","phone":"1-(469)462-7935","street_address":"70 La Follette Hill","zipcode":"75342","years_in_business":17,"state":"Texas","description":"Puncture wound with foreign body of left front wall of thorax with penetration into thoracic cavity","company":"Wikido","city":"Dallas","category":"Chemical Engineer"},
{"first_name":"Harold","last_name":"Long","email":"hlongf@wix.com","phone":"1-(808)518-7983","street_address":"2 Eliot Junction","zipcode":"96850","years_in_business":16,"state":"Hawaii","description":"Acute lymphoblastic leukemia, in remission","company":"Brightdog","city":"Honolulu","category":"Analyst Programmer"},
{"first_name":"Kelly","last_name":"Hawkins","email":"khawkinsg@utexas.edu","phone":"1-(318)622-8171","street_address":"54 Nevada Drive","zipcode":"71137","years_in_business":5,"state":"Louisiana","description":"Unspecified sprain of unspecified lesser toe(s)","company":"JumpXS","city":"Shreveport","category":"Executive Secretary"},
{"first_name":"Lawrence","last_name":"Oliver","email":"loliverh@reference.com","phone":"1-(818)576-2883","street_address":"810 Pleasure Center","zipcode":"90405","years_in_business":2,"state":"California","description":"Abdominal aortic aneurysm, ruptured","company":"Wikibox","city":"Santa Monica","category":"Legal Assistant"},
{"first_name":"Lori","last_name":"Reynolds","email":"lreynoldsi@army.mil","phone":"1-(608)687-6908","street_address":"70669 Crowley Street","zipcode":"53785","years_in_business":1,"state":"Wisconsin","description":"Unspecified injury at T2-T6 level of thoracic spinal cord, subsequent encounter","company":"Oyondu","city":"Madison","category":"Legal Assistant"},
{"first_name":"Roger","last_name":"Myers","email":"rmyersj@theguardian.com","phone":"1-(614)329-1450","street_address":"60 Clyde Gallagher Way","zipcode":"43226","years_in_business":9,"state":"Ohio","description":"Other injury to person on ground due to air transport accident, initial encounter","company":"Zoomzone","city":"Columbus","category":"Environmental Tech"},
{"first_name":"Gerald","last_name":"Hart","email":"ghartk@chronoengine.com","phone":"1-(850)937-8149","street_address":"5 Luster Place","zipcode":"32405","years_in_business":1,"state":"Florida","description":"Embolism due to nervous system prosthetic devices, implants and grafts","company":"Jaloo","city":"Panama City","category":"Administrative Assistant I"},
{"first_name":"Harold","last_name":"Wood","email":"hwoodl@xinhuanet.com","phone":"1-(952)704-7466","street_address":"263 Hoepker Avenue","zipcode":"55564","years_in_business":7,"state":"Minnesota","description":"Corrosions of other specified parts of unspecified eye and adnexa, initial encounter","company":"Trupe","city":"Young America","category":"Assistant Media Planner"},
{"first_name":"David","last_name":"Lewis","email":"dlewism@blinklist.com","phone":"1-(720)979-7561","street_address":"97869 Kenwood Trail","zipcode":"80127","years_in_business":8,"state":"Colorado","description":"Slipping, tripping and stumbling without falling, unspecified, subsequent encounter","company":"Mynte","city":"Littleton","category":"Editor"},
{"first_name":"Terry","last_name":"Jones","email":"tjonesn@utexas.edu","phone":"1-(913)724-2700","street_address":"8131 Jenna Court","zipcode":"66286","years_in_business":5,"state":"Kansas","description":"Corrosion of second degree of right ankle, initial encounter","company":"Roodel","city":"Shawnee Mission","category":"Help Desk Operator"},
{"first_name":"Steve","last_name":"Martinez","email":"smartinezo@amazon.co.uk","phone":"1-(602)876-8745","street_address":"517 Service Park","zipcode":"85077","years_in_business":7,"state":"Arizona","description":"Unspecified focal traumatic brain injury with loss of consciousness of any duration with death due to brain injury prior to regaining consciousness, initial encounter","company":"BlogXS","city":"Phoenix","category":"Information Systems Manager"},
{"first_name":"Phyllis","last_name":"Marshall","email":"pmarshallp@arizona.edu","phone":"1-(305)784-4542","street_address":"0 Tomscot Parkway","zipcode":"33185","years_in_business":14,"state":"Florida","description":"Unspecified open wound of abdominal wall, left lower quadrant without penetration into peritoneal cavity","company":"Wordtune","city":"Miami","category":"Desktop Support Technician"},
{"first_name":"Aaron","last_name":"Wilson","email":"awilsonq@biglobe.ne.jp","phone":"1-(304)845-3356","street_address":"64 Melrose Hill","zipcode":"25775","years_in_business":1,"state":"West Virginia","description":"War operations involving thermal radiation effect of nuclear weapon, civilian","company":"Realcube","city":"Huntington","category":"Account Executive"},
{"first_name":"Clarence","last_name":"Duncan","email":"cduncanr@wix.com","phone":"1-(517)498-8484","street_address":"361 Laurel Way","zipcode":"48919","years_in_business":6,"state":"Michigan","description":"Mastodynia","company":"Katz","city":"Lansing","category":"Staff Scientist"},
{"first_name":"Nicholas","last_name":"Campbell","email":"ncampbells@trellian.com","phone":"1-(402)916-9124","street_address":"4249 Straubel Court","zipcode":"68164","years_in_business":8,"state":"Nebraska","description":"Myositis ossificans traumatica, right forearm","company":"Tazzy","city":"Omaha","category":"Internal Auditor"},
{"first_name":"Kimberly","last_name":"Hudson","email":"khudsont@51.la","phone":"1-(336)257-3990","street_address":"76 Havey Center","zipcode":"27157","years_in_business":14,"state":"North Carolina","description":"Ganglion, right wrist","company":"Brainsphere","city":"Winston Salem","category":"Account Representative II"},
{"first_name":"Lois","last_name":"Fox","email":"lfoxu@ucsd.edu","phone":"1-(816)994-1853","street_address":"2999 Columbus Park","zipcode":"64187","years_in_business":15,"state":"Missouri","description":"Legal intervention involving unspecified gas, bystander injured, initial encounter","company":"Jetpulse","city":"Kansas City","category":"Chemical Engineer"},
{"first_name":"Betty","last_name":"Greene","email":"bgreenev@elpais.com","phone":"1-(402)304-2226","street_address":"72 Sunnyside Park","zipcode":"68197","years_in_business":13,"state":"Nebraska","description":"Displaced fracture of body of right talus","company":"Agivu","city":"Omaha","category":"Recruiter"},
{"first_name":"Amy","last_name":"Hart","email":"ahartw@i2i.jp","phone":"1-(610)532-5901","street_address":"640 Erie Hill","zipcode":"19151","years_in_business":4,"state":"Pennsylvania","description":"Blister (nonthermal) of right back wall of thorax","company":"Trilith","city":"Philadelphia","category":"Research Nurse"},
{"first_name":"Randy","last_name":"Welch","email":"rwelchx@squarespace.com","phone":"1-(215)907-9141","street_address":"91 Arapahoe Court","zipcode":"19151","years_in_business":18,"state":"Pennsylvania","description":"Displaced articular fracture of head of left femur, subsequent encounter for open fracture type I or II with nonunion","company":"Mydo","city":"Philadelphia","category":"Analyst Programmer"},
{"first_name":"Peter","last_name":"Gardner","email":"pgardnery@examiner.com","phone":"1-(816)617-2844","street_address":"06 Knutson Crossing","zipcode":"64101","years_in_business":10,"state":"Missouri","description":"Salter-Harris Type I physeal fracture of lower end of unspecified fibula, sequela","company":"Trilia","city":"Kansas City","category":"Editor"},
{"first_name":"Angela","last_name":"Jordan","email":"ajordanz@github.io","phone":"1-(801)202-5567","street_address":"84223 Lakeland Avenue","zipcode":"84125","years_in_business":17,"state":"Utah","description":"Osteitis deformans of left upper arm","company":"Jabberbean","city":"Salt Lake City","category":"Registered Nurse"},
{"first_name":"Barbara","last_name":"Tucker","email":"btucker10@bloomberg.com","phone":"1-(786)493-9106","street_address":"32 Myrtle Center","zipcode":"33018","years_in_business":14,"state":"Florida","description":"Adverse effect of antihyperlipidemic and antiarteriosclerotic drugs, initial encounter","company":"Fliptune","city":"Hialeah","category":"Graphic Designer"},
{"first_name":"Peter","last_name":"Daniels","email":"pdaniels11@edublogs.org","phone":"1-(812)282-4459","street_address":"8482 Hovde Place","zipcode":"47737","years_in_business":17,"state":"Indiana","description":"Toxic effect of unspecified snake venom, accidental (unintentional), initial encounter","company":"Aimbu","city":"Evansville","category":"Research Nurse"},
{"first_name":"Debra","last_name":"Ryan","email":"dryan12@usgs.gov","phone":"1-(919)107-3214","street_address":"10 Straubel Pass","zipcode":"27626","years_in_business":20,"state":"North Carolina","description":"Idiopathic chronic gout, unspecified elbow, without tophus (tophi)","company":"Reallinks","city":"Raleigh","category":"Accountant II"},
{"first_name":"Antonio","last_name":"Murray","email":"amurray13@admin.ch","phone":"1-(920)676-6762","street_address":"4987 Northport Park","zipcode":"54915","years_in_business":19,"state":"Wisconsin","description":"Bitten by orca","company":"Photobean","city":"Appleton","category":"Research Nurse"},
{"first_name":"Joe","last_name":"Hicks","email":"jhicks14@github.com","phone":"1-(513)236-7808","street_address":"02699 Susan Terrace","zipcode":"45208","years_in_business":20,"state":"Ohio","description":"Problems related to employment and unemployment","company":"Jabbersphere","city":"Cincinnati","category":"Financial Advisor"},
{"first_name":"Frank","last_name":"Young","email":"fyoung15@about.com","phone":"1-(585)654-2889","street_address":"0 Bultman Hill","zipcode":"14683","years_in_business":1,"state":"New York","description":"Burn of first degree of unspecified wrist, initial encounter","company":"Skivee","city":"Rochester","category":"Community Outreach Specialist"},
{"first_name":"Brenda","last_name":"Castillo","email":"bcastillo16@gravatar.com","phone":"1-(850)809-9180","street_address":"520 Ridge Oak Lane","zipcode":"32526","years_in_business":16,"state":"Florida","description":"Puncture wound with foreign body of nose, subsequent encounter","company":"Fiveclub","city":"Pensacola","category":"Marketing Assistant"},
{"first_name":"Kathleen","last_name":"Barnes","email":"kbarnes17@nih.gov","phone":"1-(213)200-6795","street_address":"365 Pierstorff Parkway","zipcode":"90087","years_in_business":11,"state":"California","description":"Disorder of amniotic fluid and membranes, unspecified, third trimester, other fetus","company":"Talane","city":"Los Angeles","category":"Safety Technician IV"},
{"first_name":"Rachel","last_name":"Butler","email":"rbutler18@chronoengine.com","phone":"1-(212)550-8386","street_address":"94927 Hayes Alley","zipcode":"10292","years_in_business":7,"state":"New York","description":"Hypertrophy of tonsils with hypertrophy of adenoids","company":"Tazzy","city":"New York City","category":"Senior Editor"},
{"first_name":"Cheryl","last_name":"Bradley","email":"cbradley19@tamu.edu","phone":"1-(901)125-0910","street_address":"08469 2nd Place","zipcode":"38188","years_in_business":5,"state":"Tennessee","description":"Displaced fracture of lateral malleolus of right fibula, subsequent encounter for open fracture type IIIA, IIIB, or IIIC with delayed healing","company":"Leenti","city":"Memphis","category":"Accounting Assistant III"},
{"first_name":"Bonnie","last_name":"Larson","email":"blarson1a@multiply.com","phone":"1-(304)597-7717","street_address":"15 Cambridge Plaza","zipcode":"25716","years_in_business":7,"state":"West Virginia","description":"Craniofacial dysostosis","company":"Skilith","city":"Huntington","category":"Civil Engineer"},
{"first_name":"Brenda","last_name":"Simmons","email":"bsimmons1b@a8.net","phone":"1-(513)745-6264","street_address":"41 Calypso Way","zipcode":"45999","years_in_business":2,"state":"Ohio","description":"Other congenital malformations of bronchus","company":"Youbridge","city":"Cincinnati","category":"Human Resources Manager"},
{"first_name":"Roy","last_name":"Hansen","email":"rhansen1c@cyberchimps.com","phone":"1-(516)779-9312","street_address":"8 Northwestern Plaza","zipcode":"11044","years_in_business":15,"state":"New York","description":"Phthiriasis","company":"Ntag","city":"New Hyde Park","category":"VP Product Management"},
{"first_name":"Jesse","last_name":"Morrison","email":"jmorrison1d@google.cn","phone":"1-(202)125-7816","street_address":"1398 Lakewood Point","zipcode":"20540","years_in_business":7,"state":"District of Columbia","description":"Neutropenia, unspecified","company":"Shuffledrive","city":"Washington","category":"Engineer I"},
{"first_name":"Timothy","last_name":"White","email":"twhite1e@kickstarter.com","phone":"1-(616)765-9130","street_address":"9720 Anniversary Place","zipcode":"49544","years_in_business":8,"state":"Michigan","description":"Schizoaffective disorders","company":"Voomm","city":"Grand Rapids","category":"Marketing Manager"},
{"first_name":"Deborah","last_name":"Grant","email":"dgrant1f@cnn.com","phone":"1-(754)500-4438","street_address":"09 Messerschmidt Trail","zipcode":"33320","years_in_business":8,"state":"Florida","description":"Nondisplaced Rolando's fracture, right hand, subsequent encounter for fracture with routine healing","company":"Mynte","city":"Fort Lauderdale","category":"Operator"},
{"first_name":"Terry","last_name":"Bailey","email":"tbailey1g@rediff.com","phone":"1-(702)214-5761","street_address":"1524 Norway Maple Lane","zipcode":"89012","years_in_business":10,"state":"Nevada","description":"Subluxation of T2/T3 thoracic vertebra, subsequent encounter","company":"Ntag","city":"Henderson","category":"Actuary"},
{"first_name":"Kevin","last_name":"Riley","email":"kriley1h@naver.com","phone":"1-(323)195-5805","street_address":"3451 Fulton Park","zipcode":"90035","years_in_business":5,"state":"California","description":"Other superficial bite of left little finger","company":"Tagchat","city":"Los Angeles","category":"Senior Developer"},
{"first_name":"Rachel","last_name":"Young","email":"ryoung1i@smugmug.com","phone":"1-(601)608-2601","street_address":"412 Longview Crossing","zipcode":"39210","years_in_business":10,"state":"Mississippi","description":"Nondisplaced segmental fracture of shaft of unspecified femur, subsequent encounter for open fracture type I or II with delayed healing","company":"Oba","city":"Jackson","category":"Associate Professor"},
{"first_name":"Steve","last_name":"Robinson","email":"srobinson1j@chicagotribune.com","phone":"1-(404)105-4994","street_address":"5 Ryan Drive","zipcode":"31190","years_in_business":16,"state":"Georgia","description":"Displaced fracture of lower epiphysis (separation) of left femur, subsequent encounter for open fracture type IIIA, IIIB, or IIIC with malunion","company":"Photojam","city":"Atlanta","category":"Computer Systems Analyst II"},
{"first_name":"Cheryl","last_name":"Marshall","email":"cmarshall1k@miibeian.gov.cn","phone":"1-(920)142-1528","street_address":"3 Marcy Crossing","zipcode":"54915","years_in_business":10,"state":"Wisconsin","description":"Activities involving ice and snow","company":"JumpXS","city":"Appleton","category":"Director of Sales"},
{"first_name":"Paula","last_name":"Lawson","email":"plawson1l@e-recht24.de","phone":"1-(727)250-8899","street_address":"76401 Glacier Hill Hill","zipcode":"33715","years_in_business":13,"state":"Florida","description":"Periarthritis, unspecified wrist","company":"Trilia","city":"Saint Petersburg","category":"Data Coordiator"},
{"first_name":"Annie","last_name":"Martin","email":"amartin1m@bizjournals.com","phone":"1-(661)466-9471","street_address":"90627 Gateway Crossing","zipcode":"91505","years_in_business":14,"state":"California","description":"Localized anterior staphyloma","company":"Bluejam","city":"Burbank","category":"Geological Engineer"},
{"first_name":"Willie","last_name":"Hamilton","email":"whamilton1n@opensource.org","phone":"1-(816)822-2749","street_address":"2262 Harbort Point","zipcode":"64153","years_in_business":20,"state":"Missouri","description":"Complication of the puerperium, unspecified","company":"Voolith","city":"Kansas City","category":"Civil Engineer"},
{"first_name":"Norma","last_name":"Murray","email":"nmurray1o@infoseek.co.jp","phone":"1-(218)610-7985","street_address":"4544 Amoth Place","zipcode":"55811","years_in_business":15,"state":"Minnesota","description":"Connective tissue and disc stenosis of intervertebral foramina","company":"Lazzy","city":"Duluth","category":"Nurse Practicioner"},
{"first_name":"Betty","last_name":"George","email":"bgeorge1p@blogs.com","phone":"1-(916)421-8801","street_address":"5050 Buhler Drive","zipcode":"95828","years_in_business":6,"state":"California","description":"War operations involving explosion due to accidental detonation and discharge of own munitions or munitions launch device, military personnel, sequela","company":"Ozu","city":"Sacramento","category":"Account Coordinator"},
{"first_name":"Donna","last_name":"Bradley","email":"dbradley1q@bigcartel.com","phone":"1-(615)108-9541","street_address":"20341 Anthes Center","zipcode":"37240","years_in_business":14,"state":"Tennessee","description":"Puncture wound with foreign body of larynx, subsequent encounter","company":"Flipbug","city":"Nashville","category":"Information Systems Manager"},
{"first_name":"Lawrence","last_name":"Campbell","email":"lcampbell1r@live.com","phone":"1-(712)993-1237","street_address":"88 Cordelia Circle","zipcode":"68134","years_in_business":16,"state":"Nebraska","description":"Chondromalacia, unspecified hip","company":"Meembee","city":"Omaha","category":"Recruiting Manager"},
{"first_name":"Justin","last_name":"Torres","email":"jtorres1s@kickstarter.com","phone":"1-(561)574-4184","street_address":"54619 Blaine Plaza","zipcode":"33411","years_in_business":8,"state":"Florida","description":"Open bite, right foot, sequela","company":"Photobug","city":"West Palm Beach","category":"Occupational Therapist"},
{"first_name":"Frank","last_name":"Schmidt","email":"fschmidt1t@mail.ru","phone":"1-(484)822-9258","street_address":"4 Kedzie Way","zipcode":"19495","years_in_business":3,"state":"Pennsylvania","description":"Other specified mononeuropathies","company":"Fanoodle","city":"Valley Forge","category":"Editor"},
{"first_name":"Phillip","last_name":"Burns","email":"pburns1u@w3.org","phone":"1-(434)775-4749","street_address":"90 Sachtjen Pass","zipcode":"22903","years_in_business":6,"state":"Virginia","description":"36 weeks gestation of pregnancy","company":"Yakitri","city":"Charlottesville","category":"Nurse Practicioner"},
{"first_name":"Alice","last_name":"Ellis","email":"aellis1v@cnbc.com","phone":"1-(303)207-5103","street_address":"96 Old Shore Hill","zipcode":"80228","years_in_business":8,"state":"Colorado","description":"Non-pressure chronic ulcer of other part of left foot with necrosis of bone","company":"Vinder","city":"Denver","category":"Accounting Assistant II"},
{"first_name":"Janice","last_name":"Morgan","email":"jmorgan1w@sogou.com","phone":"1-(916)801-3063","street_address":"0 Lillian Point","zipcode":"94280","years_in_business":1,"state":"California","description":"Pedestrian on skateboard injured in collision with two- or three-wheeled motor vehicle, unspecified whether traffic or nontraffic accident, subsequent encounter","company":"Skinte","city":"Sacramento","category":"Registered Nurse"},
{"first_name":"Kelly","last_name":"Wells","email":"kwells1x@wufoo.com","phone":"1-(941)939-1750","street_address":"094 Meadow Ridge Terrace","zipcode":"34108","years_in_business":2,"state":"Florida","description":"Other apnea of newborn","company":"Zoomcast","city":"Naples","category":"Research Assistant II"},
{"first_name":"Lillian","last_name":"Howard","email":"lhoward1y@4shared.com","phone":"1-(561)348-8564","street_address":"9272 Sheridan Parkway","zipcode":"33448","years_in_business":4,"state":"Florida","description":"Arteriovenous malformation of renal vessel","company":"Pixope","city":"Delray Beach","category":"Human Resources Assistant II"},
{"first_name":"Alice","last_name":"Dixon","email":"adixon1z@slate.com","phone":"1-(802)677-8736","street_address":"96 4th Street","zipcode":"05609","years_in_business":12,"state":"Vermont","description":"Unspecified fracture of unspecified talus, subsequent encounter for fracture with malunion","company":"Bluezoom","city":"Montpelier","category":"Administrative Officer"},
{"first_name":"Howard","last_name":"Peterson","email":"hpeterson20@shareasale.com","phone":"1-(317)514-4405","street_address":"4788 Manley Crossing","zipcode":"46221","years_in_business":19,"state":"Indiana","description":"Maternal hypotension syndrome, first trimester","company":"Twitterwire","city":"Indianapolis","category":"Budget/Accounting Analyst IV"},
{"first_name":"Lisa","last_name":"Fisher","email":"lfisher21@ow.ly","phone":"1-(718)936-5603","street_address":"2909 Bowman Trail","zipcode":"11225","years_in_business":9,"state":"New York","description":"Other specified disorders of lens","company":"Rhyzio","city":"Brooklyn","category":"Software Test Engineer IV"},
{"first_name":"Donna","last_name":"Ross","email":"dross22@gizmodo.com","phone":"1-(504)894-1733","street_address":"84 Debs Way","zipcode":"70174","years_in_business":8,"state":"Louisiana","description":"Poisoning by other psychostimulants, assault","company":"Katz","city":"New Orleans","category":"Speech Pathologist"},
{"first_name":"Wanda","last_name":"Webb","email":"wwebb23@yahoo.co.jp","phone":"1-(301)278-9123","street_address":"647 Jenna Center","zipcode":"20784","years_in_business":5,"state":"Maryland","description":"Underdosing of succinimides and oxazolidinediones, initial encounter","company":"Avamm","city":"Hyattsville","category":"Legal Assistant"},
{"first_name":"Robert","last_name":"Rogers","email":"rrogers24@nature.com","phone":"1-(919)395-8238","street_address":"2 Farwell Drive","zipcode":"27615","years_in_business":17,"state":"North Carolina","description":"Drowning and submersion due to falling or jumping from crushed (nonpowered) inflatable craft","company":"Realbuzz","city":"Raleigh","category":"Junior Executive"},
{"first_name":"Howard","last_name":"James","email":"hjames25@washington.edu","phone":"1-(214)664-9751","street_address":"5461 Village Way","zipcode":"75037","years_in_business":2,"state":"Texas","description":"Open angle with borderline findings, high risk, right eye","company":"Bubblemix","city":"Irving","category":"Social Worker"},
{"first_name":"Elizabeth","last_name":"Gray","email":"egray26@sitemeter.com","phone":"1-(763)437-2653","street_address":"2499 5th Terrace","zipcode":"55565","years_in_business":17,"state":"Minnesota","description":"Unspecified fracture of shaft of unspecified tibia, subsequent encounter for closed fracture with malunion","company":"Bluejam","city":"Monticello","category":"Payment Adjustment Coordinator"},
{"first_name":"Lawrence","last_name":"Brown","email":"lbrown27@dailymail.co.uk","phone":"1-(914)260-4982","street_address":"00072 Ohio Point","zipcode":"10705","years_in_business":4,"state":"New York","description":"External constriction of right elbow","company":"Eamia","city":"Yonkers","category":"Teacher"},
{"first_name":"Antonio","last_name":"Bishop","email":"abishop28@cnet.com","phone":"1-(904)874-0759","street_address":"287 Raven Trail","zipcode":"32092","years_in_business":16,"state":"Florida","description":"Rheumatoid lung disease with rheumatoid arthritis of left shoulder","company":"Rhyloo","city":"Saint Augustine","category":"Data Coordiator"},
{"first_name":"Philip","last_name":"Adams","email":"padams29@alibaba.com","phone":"1-(585)388-4081","street_address":"0 Bunting Lane","zipcode":"14604","years_in_business":15,"state":"New York","description":"Mixed conductive and sensorineural hearing loss, unilateral, left ear, with unrestricted hearing on the contralateral side","company":"Blogpad","city":"Rochester","category":"Geological Engineer"},
{"first_name":"Adam","last_name":"Dean","email":"adean2a@mashable.com","phone":"1-(770)478-0469","street_address":"6 Tennessee Terrace","zipcode":"30301","years_in_business":20,"state":"Georgia","description":"Burn of third degree of thumb (nail)","company":"Podcat","city":"Atlanta","category":"Senior Developer"},
{"first_name":"Lori","last_name":"Nelson","email":"lnelson2b@cbslocal.com","phone":"1-(806)417-2710","street_address":"252 Lindbergh Street","zipcode":"79452","years_in_business":2,"state":"Texas","description":"Coronary artery aneurysm and dissection","company":"Mycat","city":"Lubbock","category":"Compensation Analyst"},
{"first_name":"Larry","last_name":"Perkins","email":"lperkins2c@arstechnica.com","phone":"1-(321)238-2265","street_address":"7490 Darwin Road","zipcode":"32919","years_in_business":1,"state":"Florida","description":"Iron deficiency anemia secondary to blood loss (chronic)","company":"Skimia","city":"Melbourne","category":"Senior Cost Accountant"},
{"first_name":"Brandon","last_name":"Sanchez","email":"bsanchez2d@example.com","phone":"1-(608)553-0148","street_address":"42343 Sage Terrace","zipcode":"53716","years_in_business":7,"state":"Wisconsin","description":"Caught, crushed, jammed or pinched in or between objects","company":"Skynoodle","city":"Madison","category":"Legal Assistant"},
{"first_name":"Diane","last_name":"Reynolds","email":"dreynolds2e@shutterfly.com","phone":"1-(973)503-6270","street_address":"8690 Helena Lane","zipcode":"07104","years_in_business":12,"state":"New Jersey","description":"Low back pain","company":"Zava","city":"Newark","category":"Environmental Specialist"},
{"first_name":"Wanda","last_name":"Ryan","email":"wryan2f@noaa.gov","phone":"1-(214)628-0384","street_address":"139 Paget Crossing","zipcode":"75185","years_in_business":12,"state":"Texas","description":"Laceration with foreign body of unspecified back wall of thorax without penetration into thoracic cavity, subsequent encounter","company":"Blogpad","city":"Mesquite","category":"Payment Adjustment Coordinator"},
{"first_name":"Victor","last_name":"Hicks","email":"vhicks2g@last.fm","phone":"1-(816)966-2019","street_address":"9146 Victoria Park","zipcode":"64109","years_in_business":5,"state":"Missouri","description":"Unspecified dislocation of unspecified foot, sequela","company":"Yozio","city":"Kansas City","category":"Human Resources Manager"},
{"first_name":"Shirley","last_name":"Robinson","email":"srobinson2h@google.de","phone":"1-(949)780-1890","street_address":"079 Union Pass","zipcode":"92662","years_in_business":15,"state":"California","description":"Blepharoconjunctivitis","company":"Tagopia","city":"Newport Beach","category":"Environmental Tech"},
{"first_name":"Phillip","last_name":"Duncan","email":"pduncan2i@bloglines.com","phone":"1-(585)310-1574","street_address":"4 Oneill Trail","zipcode":"14652","years_in_business":19,"state":"New York","description":"Enophthalmos","company":"Dabshots","city":"Rochester","category":"Chief Design Engineer"},
{"first_name":"Jane","last_name":"Tucker","email":"jtucker2j@go.com","phone":"1-(419)284-5947","street_address":"701 Lindbergh Way","zipcode":"45807","years_in_business":8,"state":"Ohio","description":"Obstetric embolism","company":"Kanoodle","city":"Lima","category":"Technical Writer"},
{"first_name":"Donald","last_name":"Welch","email":"dwelch2k@eepurl.com","phone":"1-(413)843-8743","street_address":"9 Parkside Alley","zipcode":"01114","years_in_business":3,"state":"Massachusetts","description":"Partial traumatic amputation of unspecified great toe, sequela","company":"Brightdog","city":"Springfield","category":"VP Marketing"},
{"first_name":"Cynthia","last_name":"Porter","email":"cporter2l@answers.com","phone":"1-(239)818-3299","street_address":"036 Chinook Crossing","zipcode":"33906","years_in_business":4,"state":"Florida","description":"Auditory recruitment","company":"Oyoba","city":"Fort Myers","category":"Engineer I"},
{"first_name":"Gloria","last_name":"Fields","email":"gfields2m@naver.com","phone":"1-(312)197-4061","street_address":"7 Debs Trail","zipcode":"60697","years_in_business":16,"state":"Illinois","description":"Dislocation of radiocarpal joint of left wrist, subsequent encounter","company":"Oyoba","city":"Chicago","category":"Executive Secretary"},
{"first_name":"Craig","last_name":"Wright","email":"cwright2n@skyrock.com","phone":"1-(907)776-3604","street_address":"22462 Declaration Junction","zipcode":"99522","years_in_business":20,"state":"Alaska","description":"Unspecified fracture of unspecified foot, subsequent encounter for fracture with delayed healing","company":"Viva","city":"Anchorage","category":"Physical Therapy Assistant"},
{"first_name":"Nicole","last_name":"Carr","email":"ncarr2o@moonfruit.com","phone":"1-(914)568-7265","street_address":"8 Jay Junction","zipcode":"10606","years_in_business":5,"state":"New York","description":"Other physeal fracture of lower end of ulna, right arm, subsequent encounter for fracture with malunion","company":"Thoughtbeat","city":"White Plains","category":"Internal Auditor"},
{"first_name":"Rachel","last_name":"Moore","email":"rmoore2p@army.mil","phone":"1-(859)676-6473","street_address":"6 Talisman Park","zipcode":"40586","years_in_business":16,"state":"Kentucky","description":"Pedestrian on foot injured in collision with other nonmotor vehicle in traffic accident","company":"Gabspot","city":"Lexington","category":"Dental Hygienist"},
{"first_name":"Lois","last_name":"Perkins","email":"lperkins2q@exblog.jp","phone":"1-(316)885-9420","street_address":"1 Summerview Park","zipcode":"67210","years_in_business":11,"state":"Kansas","description":"Fracture of unspecified part of neck of right femur, sequela","company":"Katz","city":"Wichita","category":"Director of Sales"},
{"first_name":"Elizabeth","last_name":"Young","email":"eyoung2r@amazon.de","phone":"1-(734)702-0670","street_address":"3 Meadow Vale Trail","zipcode":"48211","years_in_business":18,"state":"Michigan","description":"Minor laceration of right carotid artery, initial encounter","company":"Brightdog","city":"Detroit","category":"Accountant IV"}]