[{"category":"Statistician IV","city":"New Orleans","company":"Zoombox","description":"Unsp inj extn musc/fasc/tend l lit fngr at wrs/hnd lv, init","email":"awells0@harvard.edu","phone":"1-(504)890-7408","state":"Louisiana","street_adress":"162 Warner Avenue","gender":"Female","zipcode":"70142","year_in_business":37,"first_name":"Anne","last_name":"Wells"},
{"category":"Information Systems Manager","city":"Columbus","company":"Thoughtsphere","description":"Fx unsp prt of nk of unsp femr, 7thF","email":"grice1@cyberchimps.com","phone":"1-(614)824-7522","state":"Ohio","street_adress":"15120 Clove Road","gender":"Male","zipcode":"43210","year_in_business":26,"first_name":"Gary","last_name":"Rice"},
{"category":"Editor","city":"Atlanta","company":"Skinte","description":"Burn of third degree of trunk, unspecified site, subs encntr","email":"maustin2@google.es","phone":"1-(404)313-6111","state":"Georgia","street_adress":"18550 Eastlawn Road","gender":"Female","zipcode":"31196","year_in_business":39,"first_name":"Maria","last_name":"Austin"},
{"category":"Occupational Therapist","city":"Albany","company":"Tanoodle","description":"Driver of amblnc/fire eng injured in traffic accident, init","email":"afranklin3@xing.com","phone":"1-(518)818-3016","state":"New York","street_adress":"77136 Schmedeman Terrace","gender":"Female","zipcode":"12255","year_in_business":16,"first_name":"Anna","last_name":"Franklin"},
{"category":"Marketing Manager","city":"Battle Creek","company":"Kazu","description":"Unsp pre-existing diabetes in pregnancy, unsp trimester","email":"smccoy4@people.com.cn","phone":"1-(269)206-0314","state":"Michigan","street_adress":"836 Bunting Road","gender":"Female","zipcode":"49018","year_in_business":14,"first_name":"Stephanie","last_name":"Mccoy"},
{"category":"Software Consultant","city":"Alexandria","company":"Skyba","description":"Chronic meningococcemia","email":"dshaw5@shop-pro.jp","phone":"1-(571)817-4559","state":"Virginia","street_adress":"31372 Division Alley","gender":"Male","zipcode":"22333","year_in_business":32,"first_name":"Donald","last_name":"Shaw"},
{"category":"Nuclear Power Engineer","city":"Lexington","company":"Trilia","description":"Resistance to other single specified antibiotic","email":"dfisher6@state.gov","phone":"1-(859)262-9988","state":"Kentucky","street_adress":"645 Carioca Point","gender":"Female","zipcode":"40505","year_in_business":11,"first_name":"Denise","last_name":"Fisher"},
{"category":"Automation Specialist I","city":"Albany","company":"Edgeblab","description":"Other subluxation of left ulnohumeral joint","email":"bdean7@plala.or.jp","phone":"1-(518)845-3217","state":"New York","street_adress":"31521 Granby Crossing","gender":"Female","zipcode":"12237","year_in_business":2,"first_name":"Betty","last_name":"Dean"},
{"category":"Account Representative IV","city":"Oklahoma City","company":"Shufflester","description":"Opioid abuse with opioid-induced sleep disorder","email":"aruiz8@jimdo.com","phone":"1-(405)221-8729","state":"Oklahoma","street_adress":"990 Nova Alley","gender":"Female","zipcode":"73152","year_in_business":33,"first_name":"Anne","last_name":"Ruiz"},
{"category":"Administrative Assistant IV","city":"Sacramento","company":"Shuffletag","description":"Puncture wound w/o foreign body of vagina and vulva, subs","email":"jmorrison9@dell.com","phone":"1-(916)751-4534","state":"California","street_adress":"7698 Kinsman Way","gender":"Male","zipcode":"94245","year_in_business":32,"first_name":"James","last_name":"Morrison"},
{"category":"Social Worker","city":"Shreveport","company":"Plambee","description":"Unsp car occ injured in clsn w rail trn/veh nontraf, sequela","email":"dpowella@google.nl","phone":"1-(318)592-2458","state":"Louisiana","street_adress":"8204 Raven Plaza","gender":"Female","zipcode":"71137","year_in_business":10,"first_name":"Dorothy","last_name":"Powell"},
{"category":"Clinical Specialist","city":"Apache Junction","company":"Dabtype","description":"Displacmnt of cardiac and vascular devices and implnt, init","email":"dsimpsonb@elegantthemes.com","phone":"1-(480)771-6965","state":"Arizona","street_adress":"37 Schurz Street","gender":"Male","zipcode":"85219","year_in_business":16,"first_name":"Douglas","last_name":"Simpson"},
{"category":"VP Quality Control","city":"Littleton","company":"Feedmix","description":"Occupant of pk-up/van injured in collision w hv veh","email":"scarterc@wordpress.org","phone":"1-(720)595-7246","state":"Colorado","street_adress":"7105 Jana Alley","gender":"Female","zipcode":"80127","year_in_business":1,"first_name":"Stephanie","last_name":"Carter"},
{"category":"Librarian","city":"Charlotte","company":"Edgepulse","description":"Microscopic colitis, unspecified","email":"mscottd@technorati.com","phone":"1-(704)475-2396","state":"North Carolina","street_adress":"8967 Pankratz Terrace","gender":"Male","zipcode":"28272","year_in_business":19,"first_name":"Martin","last_name":"Scott"},
{"category":"Marketing Assistant","city":"Denton","company":"Jaxbean","description":"Poisoning by opium, assault, subsequent encounter","email":"bspencere@spiegel.de","phone":"1-(817)943-2888","state":"Texas","street_adress":"45517 Carpenter Park","gender":"Male","zipcode":"76210","year_in_business":18,"first_name":"Brandon","last_name":"Spencer"},
{"category":"Biostatistician IV","city":"Palatine","company":"Dazzlesphere","description":"Corrosion of first degree of unspecified foot","email":"dmoralesf@youku.com","phone":"1-(847)298-9602","state":"Illinois","street_adress":"2549 Golf View Avenue","gender":"Female","zipcode":"60078","year_in_business":28,"first_name":"Doris","last_name":"Morales"},
{"category":"Dental Hygienist","city":"Wichita","company":"Tagopia","description":"Neonatal obstruction of left nasolacrimal duct","email":"jstanleyg@vistaprint.com","phone":"1-(316)905-1364","state":"Kansas","street_adress":"54574 Merry Pass","gender":"Male","zipcode":"67210","year_in_business":27,"first_name":"Johnny","last_name":"Stanley"},
{"category":"Research Associate","city":"Beaumont","company":"Meedoo","description":"Other injury of transverse colon, initial encounter","email":"lreyesh@cbsnews.com","phone":"1-(409)919-1717","state":"Texas","street_adress":"08065 Lotheville Street","gender":"Male","zipcode":"77713","year_in_business":35,"first_name":"Lawrence","last_name":"Reyes"},
{"category":"Web Developer IV","city":"El Paso","company":"Kazio","description":"Zygomatic fracture, left side, 7thD","email":"kpattersoni@gnu.org","phone":"1-(915)438-2472","state":"Texas","street_adress":"31 Butternut Avenue","gender":"Male","zipcode":"88519","year_in_business":13,"first_name":"Kenneth","last_name":"Patterson"},
{"category":"Structural Analysis Engineer","city":"Los Angeles","company":"Browsecat","description":"Corrosion of second degree back of left hand, sequela","email":"bthomasj@vk.com","phone":"1-(323)592-2486","state":"California","street_adress":"24 Gerald Trail","gender":"Female","zipcode":"90045","year_in_business":38,"first_name":"Betty","last_name":"Thomas"},
{"category":"Quality Engineer","city":"Dayton","company":"Dabvine","description":"Nondisp fx of epiphy (separation) (upper) of r femr, 7thD","email":"lgreenk@ovh.net","phone":"1-(937)920-9574","state":"Ohio","street_adress":"89 Granby Lane","gender":"Female","zipcode":"45414","year_in_business":30,"first_name":"Laura","last_name":"Green"},
{"category":"Senior Cost Accountant","city":"Chesapeake","company":"Feedspan","description":"Toxic effect of carbon disulfide, intentional self-harm","email":"jhowelll@craigslist.org","phone":"1-(757)310-3805","state":"Virginia","street_adress":"17449 Clove Center","gender":"Male","zipcode":"23324","year_in_business":30,"first_name":"Joseph","last_name":"Howell"},
{"category":"VP Marketing","city":"Saint Louis","company":"Mycat","description":"Presence of other specified functional implants","email":"wharrism@imgur.com","phone":"1-(314)148-6329","state":"Missouri","street_adress":"62 Del Sol Alley","gender":"Female","zipcode":"63121","year_in_business":7,"first_name":"Wanda","last_name":"Harris"},
{"category":"Sales Representative","city":"Tallahassee","company":"Feedspan","description":"Displaced dome fx unsp talus, subs for fx w nonunion","email":"pgrayn@networkadvertising.org","phone":"1-(850)548-2946","state":"Florida","street_adress":"2 Golf Course Court","gender":"Female","zipcode":"32314","year_in_business":30,"first_name":"Pamela","last_name":"Gray"},
{"category":"Research Assistant I","city":"Tampa","company":"Plajo","description":"Sprain of unsp cruciate ligament of right knee, sequela","email":"kyoungo@msn.com","phone":"1-(813)907-7927","state":"Florida","street_adress":"5 Hansons Road","gender":"Female","zipcode":"33625","year_in_business":33,"first_name":"Kathleen","last_name":"Young"},
{"category":"Structural Analysis Engineer","city":"Evansville","company":"Shufflebeat","description":"Juvenile rheumatoid arthritis w systemic onset, unsp elbow","email":"vjacksonp@mashable.com","phone":"1-(812)713-1066","state":"Indiana","street_adress":"898 Summit Parkway","gender":"Female","zipcode":"47712","year_in_business":22,"first_name":"Virginia","last_name":"Jackson"},
{"category":"Electrical Engineer","city":"Jefferson City","company":"Wikizz","description":"Abrasion of right front wall of thorax, sequela","email":"jwelchq@cnbc.com","phone":"1-(573)928-1325","state":"Missouri","street_adress":"3451 Declaration Trail","gender":"Male","zipcode":"65105","year_in_business":27,"first_name":"James","last_name":"Welch"},
{"category":"Teacher","city":"Fairbanks","company":"Yodel","description":"Driver of bus injured in clsn w nonmtr vehicle in traf, init","email":"dgrayr@is.gd","phone":"1-(907)774-9439","state":"Alaska","street_adress":"2372 Carioca Plaza","gender":"Male","zipcode":"99709","year_in_business":35,"first_name":"Douglas","last_name":"Gray"},
{"category":"Tax Accountant","city":"Fort Pierce","company":"Quatz","description":"Other bursal cyst, right wrist","email":"jnguyens@marketwatch.com","phone":"1-(772)699-8442","state":"Florida","street_adress":"21 Westridge Terrace","gender":"Female","zipcode":"34981","year_in_business":14,"first_name":"Jean","last_name":"Nguyen"},
{"category":"Analyst Programmer","city":"Philadelphia","company":"Dablist","description":"Sprain of super tibiofibul joint and ligmt, unsp knee, subs","email":"mwagnert@go.com","phone":"1-(215)440-3811","state":"Pennsylvania","street_adress":"3877 South Lane","gender":"Female","zipcode":"19196","year_in_business":39,"first_name":"Melissa","last_name":"Wagner"},
{"category":"Recruiting Manager","city":"Birmingham","company":"Wordtune","description":"Underdosing of iminostilbenes, subsequent encounter","email":"adunnu@yolasite.com","phone":"1-(205)432-6867","state":"Alabama","street_adress":"9049 Pearson Circle","gender":"Female","zipcode":"35244","year_in_business":2,"first_name":"Annie","last_name":"Dunn"},
{"category":"Occupational Therapist","city":"Chicago","company":"Skyba","description":"Antigonadtr/antiestr/antiandrg, not elsewhere classified","email":"jtaylorv@latimes.com","phone":"1-(312)588-3822","state":"Illinois","street_adress":"7 Lerdahl Road","gender":"Female","zipcode":"60630","year_in_business":10,"first_name":"Julie","last_name":"Taylor"},
{"category":"Operator","city":"New York City","company":"Plajo","description":"Tox eff of nitro and oth nitric acids and esters, acc, subs","email":"lgarzaw@surveymonkey.com","phone":"1-(212)372-5850","state":"New York","street_adress":"09378 Menomonie Pass","gender":"Female","zipcode":"10203","year_in_business":8,"first_name":"Lillian","last_name":"Garza"},
{"category":"Electrical Engineer","city":"Fort Collins","company":"Yoveo","description":"Benign neoplasm of cornea","email":"kkingx@mozilla.org","phone":"1-(970)156-0474","state":"Colorado","street_adress":"6 Bunker Hill Parkway","gender":"Female","zipcode":"80525","year_in_business":27,"first_name":"Kathy","last_name":"King"},
{"category":"Chief Design Engineer","city":"Jamaica","company":"Eare","description":"Rheu arthrit of right ank/ft w involv of organs and systems","email":"thally@businessinsider.com","phone":"1-(212)382-0782","state":"New York","street_adress":"096 Sauthoff Park","gender":"Female","zipcode":"11499","year_in_business":15,"first_name":"Teresa","last_name":"Hall"},
{"category":"Information Systems Manager","city":"Minneapolis","company":"Skiptube","description":"Corrosion of first degree of right toe(s) (nail), init","email":"jmyersz@ucoz.com","phone":"1-(612)517-8205","state":"Minnesota","street_adress":"0831 Fuller Circle","gender":"Male","zipcode":"55402","year_in_business":31,"first_name":"Jack","last_name":"Myers"},
{"category":"Electrical Engineer","city":"San Bernardino","company":"Oozz","description":"Other burn on board sailboat, initial encounter","email":"pwebb10@altervista.org","phone":"1-(909)551-1276","state":"California","street_adress":"7 Artisan Alley","gender":"Male","zipcode":"92424","year_in_business":18,"first_name":"Phillip","last_name":"Webb"},
{"category":"Social Worker","city":"Washington","company":"Mydo","description":"Neurological devices associated with adverse incidents","email":"llarson11@comcast.net","phone":"1-(202)407-7997","state":"District of Columbia","street_adress":"573 Dahle Avenue","gender":"Female","zipcode":"20057","year_in_business":27,"first_name":"Lillian","last_name":"Larson"},
{"category":"Chief Design Engineer","city":"Oklahoma City","company":"Zoovu","description":"Twins, one liveborn and one stillborn","email":"alawson12@tumblr.com","phone":"1-(405)572-5494","state":"Oklahoma","street_adress":"30900 Vernon Place","gender":"Female","zipcode":"73190","year_in_business":29,"first_name":"Andrea","last_name":"Lawson"},
{"category":"Safety Technician II","city":"Lubbock","company":"Dabvine","description":"Partial traumatic amputation of hand at wrist level","email":"swallace13@ask.com","phone":"1-(806)764-8538","state":"Texas","street_adress":"4740 Shasta Crossing","gender":"Female","zipcode":"79415","year_in_business":15,"first_name":"Stephanie","last_name":"Wallace"},
{"category":"Food Chemist","city":"Houston","company":"Layo","description":"Oth comp of fb acc left in body fol inject or immuniz, sqla","email":"trice14@msu.edu","phone":"1-(832)346-8824","state":"Texas","street_adress":"3 Chinook Circle","gender":"Female","zipcode":"77201","year_in_business":40,"first_name":"Teresa","last_name":"Rice"},
{"category":"Web Designer I","city":"Washington","company":"Dablist","description":"Injury of digital nerve of left thumb, sequela","email":"radams15@1und1.de","phone":"1-(202)867-8997","state":"District of Columbia","street_adress":"53 Holmberg Park","gender":"Male","zipcode":"20299","year_in_business":25,"first_name":"Ronald","last_name":"Adams"},
{"category":"Structural Engineer","city":"Boston","company":"Twinte","description":"Nondisp spiral fx shaft of rad, r arm, 7thJ","email":"nroberts16@shutterfly.com","phone":"1-(617)331-0379","state":"Massachusetts","street_adress":"07160 Del Sol Parkway","gender":"Female","zipcode":"02298","year_in_business":15,"first_name":"Nancy","last_name":"Roberts"},
{"category":"Electrical Engineer","city":"Los Angeles","company":"Brainsphere","description":"Postpartum coagulation defects","email":"jandrews17@netlog.com","phone":"1-(323)238-5512","state":"California","street_adress":"5 John Wall Street","gender":"Male","zipcode":"90045","year_in_business":9,"first_name":"Joe","last_name":"Andrews"},
{"category":"Nuclear Power Engineer","city":"Albuquerque","company":"Blogpad","description":"Breakdown of implnt elec nstim of spinal cord lead, sequela","email":"mspencer18@aboutads.info","phone":"1-(505)976-9869","state":"New Mexico","street_adress":"54 Wayridge Terrace","gender":"Male","zipcode":"87105","year_in_business":31,"first_name":"Martin","last_name":"Spencer"},
{"category":"Pharmacist","city":"Augusta","company":"Kamba","description":"Schistosomiasis due to Schistosoma japonicum","email":"abell19@studiopress.com","phone":"1-(706)620-4718","state":"Georgia","street_adress":"190 Oak Way","gender":"Female","zipcode":"30911","year_in_business":21,"first_name":"Alice","last_name":"Bell"},
{"category":"Quality Control Specialist","city":"Houston","company":"Demimbu","description":"Nondisp fx of distal phalanx of right great toe, init","email":"sfreeman1a@rambler.ru","phone":"1-(713)310-7770","state":"Texas","street_adress":"4 Portage Street","gender":"Female","zipcode":"77075","year_in_business":21,"first_name":"Stephanie","last_name":"Freeman"},
{"category":"Research Assistant III","city":"Corpus Christi","company":"Blogspan","description":"Coma scale, best motor response, localizes pain, 24+hrs","email":"lpowell1b@washington.edu","phone":"1-(361)521-9191","state":"Texas","street_adress":"29993 Corscot Terrace","gender":"Male","zipcode":"78410","year_in_business":2,"first_name":"Lawrence","last_name":"Powell"},
{"category":"Research Assistant III","city":"Orlando","company":"Nlounge","description":"Unspecified disorder of circulatory system","email":"dmitchell1c@jigsy.com","phone":"1-(407)288-8376","state":"Florida","street_adress":"24 Garrison Court","gender":"Male","zipcode":"32868","year_in_business":27,"first_name":"David","last_name":"Mitchell"},
{"category":"Statistician IV","city":"Chicago","company":"Trunyx","description":"Esophageal web","email":"jboyd1d@hibu.com","phone":"1-(312)795-5699","state":"Illinois","street_adress":"4923 Ronald Regan Alley","gender":"Female","zipcode":"60697","year_in_business":22,"first_name":"Janet","last_name":"Boyd"},
{"category":"Administrative Officer","city":"Fullerton","company":"Blogtags","description":"Lacerat intrinsic musc/fasc/tend r idx fngr at wrs/hnd lv","email":"tgriffin1e@cpanel.net","phone":"1-(714)474-6607","state":"California","street_adress":"00 Rutledge Trail","gender":"Female","zipcode":"92835","year_in_business":16,"first_name":"Teresa","last_name":"Griffin"},
{"category":"Legal Assistant","city":"Duluth","company":"Avaveo","description":"Encntr for proc for purpose oth than remedy hlth state, unsp","email":"ahenry1f@ning.com","phone":"1-(678)446-3087","state":"Georgia","street_adress":"66 Susan Parkway","gender":"Female","zipcode":"30195","year_in_business":3,"first_name":"Alice","last_name":"Henry"},
{"category":"Associate Professor","city":"New York City","company":"Eamia","description":"Salter-Harris Type II physeal fracture of right metatarsal","email":"sbrown1g@pcworld.com","phone":"1-(646)148-5439","state":"New York","street_adress":"4823 Lakeland Avenue","gender":"Male","zipcode":"10029","year_in_business":14,"first_name":"Sean","last_name":"Brown"},
{"category":"Electrical Engineer","city":"Little Rock","company":"Eazzy","description":"Pneumococcal arthritis, unspecified wrist","email":"bnelson1h@sciencedaily.com","phone":"1-(501)902-7446","state":"Arkansas","street_adress":"26 Crescent Oaks Center","gender":"Male","zipcode":"72222","year_in_business":32,"first_name":"Billy","last_name":"Nelson"},
{"category":"Accountant I","city":"Trenton","company":"Flashpoint","description":"32 weeks gestation of pregnancy","email":"jgarcia1i@redcross.org","phone":"1-(609)790-9128","state":"New Jersey","street_adress":"2 Blackbird Junction","gender":"Male","zipcode":"08603","year_in_business":2,"first_name":"Juan","last_name":"Garcia"},
{"category":"Administrative Officer","city":"El Paso","company":"Jabbercube","description":"Disorders of visual pathways in (due to) vascular disorders","email":"nstone1j@issuu.com","phone":"1-(915)729-7088","state":"Texas","street_adress":"755 Towne Avenue","gender":"Female","zipcode":"88546","year_in_business":7,"first_name":"Norma","last_name":"Stone"},
{"category":"Developer IV","city":"Orlando","company":"Topicstorm","description":"Person outside special agricultural vehicle injured nontraf","email":"cromero1k@joomla.org","phone":"1-(407)326-9577","state":"Florida","street_adress":"339 Prentice Circle","gender":"Male","zipcode":"32859","year_in_business":39,"first_name":"Carl","last_name":"Romero"},
{"category":"Paralegal","city":"Simi Valley","company":"Dabvine","description":"Papyraceous fetus, second trimester, fetus 5","email":"pparker1l@wp.com","phone":"1-(805)925-2715","state":"California","street_adress":"0 Ronald Regan Way","gender":"Male","zipcode":"93094","year_in_business":11,"first_name":"Patrick","last_name":"Parker"},
{"category":"Paralegal","city":"Monroe","company":"Youtags","description":"Complications following ectopic and molar pregnancy","email":"kfoster1m@scribd.com","phone":"1-(318)827-8970","state":"Louisiana","street_adress":"375 Bobwhite Way","gender":"Female","zipcode":"71208","year_in_business":5,"first_name":"Kelly","last_name":"Foster"},
{"category":"Speech Pathologist","city":"Evansville","company":"Jatri","description":"Rheumatoid heart disease with rheumatoid arthritis of elbow","email":"mgreen1n@yandex.ru","phone":"1-(812)588-5183","state":"Indiana","street_adress":"5108 Colorado Crossing","gender":"Female","zipcode":"47747","year_in_business":31,"first_name":"Margaret","last_name":"Green"},
{"category":"Librarian","city":"Cumming","company":"Rhynoodle","description":"Displ commnt fx shaft of l fibula, 7thE","email":"jward1o@arizona.edu","phone":"1-(706)950-7400","state":"Georgia","street_adress":"86730 Union Alley","gender":"Female","zipcode":"30130","year_in_business":11,"first_name":"Joan","last_name":"Ward"},
{"category":"Account Representative I","city":"Myrtle Beach","company":"Twiyo","description":"Malig neoplm of conn and soft tiss of l upr limb, inc shldr","email":"cgray1p@sfgate.com","phone":"1-(843)911-4075","state":"South Carolina","street_adress":"916 Green Circle","gender":"Female","zipcode":"29579","year_in_business":28,"first_name":"Catherine","last_name":"Gray"},
{"category":"Electrical Engineer","city":"Washington","company":"Jayo","description":"Xanthelasma of left eye, unspecified eyelid","email":"jclark1q@slate.com","phone":"1-(202)174-2121","state":"District of Columbia","street_adress":"91813 Summerview Point","gender":"Male","zipcode":"20503","year_in_business":30,"first_name":"Justin","last_name":"Clark"},
{"category":"VP Marketing","city":"Toledo","company":"Latz","description":"Benign neoplasm of left ciliary body","email":"ggraham1r@webmd.com","phone":"1-(419)569-4420","state":"Ohio","street_adress":"263 Eliot Road","gender":"Male","zipcode":"43605","year_in_business":32,"first_name":"Gary","last_name":"Graham"},
{"category":"Social Worker","city":"Vero Beach","company":"Yodo","description":"Disp fx of med condyle of unsp femr, 7thJ","email":"vstewart1s@vinaora.com","phone":"1-(772)735-5026","state":"Florida","street_adress":"8 Talmadge Pass","gender":"Female","zipcode":"32964","year_in_business":23,"first_name":"Virginia","last_name":"Stewart"},
{"category":"Account Coordinator","city":"Sarasota","company":"Dabtype","description":"Burn of unsp degree of unsp hand, unsp site, subs encntr","email":"wcampbell1t@xinhuanet.com","phone":"1-(941)968-8632","state":"Florida","street_adress":"2907 Vidon Street","gender":"Male","zipcode":"34276","year_in_business":37,"first_name":"William","last_name":"Campbell"},
{"category":"Geological Engineer","city":"Edmond","company":"Skiptube","description":"Nondisp spiral fx shaft of unsp femr, 7thM","email":"cmason1u@skype.com","phone":"1-(405)534-3640","state":"Oklahoma","street_adress":"350 Dahle Alley","gender":"Male","zipcode":"73034","year_in_business":1,"first_name":"Craig","last_name":"Mason"},
{"category":"Nurse","city":"Young America","company":"Eimbee","description":"Derang of post horn of medial mensc d/t old tear/inj, r knee","email":"klewis1v@uol.com.br","phone":"1-(952)374-5595","state":"Minnesota","street_adress":"4925 Village Terrace","gender":"Female","zipcode":"55564","year_in_business":40,"first_name":"Kathleen","last_name":"Lewis"},
{"category":"Help Desk Operator","city":"Lincoln","company":"Livefish","description":"Cholesteatoma of attic","email":"jwalker1w@netlog.com","phone":"1-(402)120-4969","state":"Nebraska","street_adress":"02 Old Shore Junction","gender":"Female","zipcode":"68531","year_in_business":15,"first_name":"Judy","last_name":"Walker"},
{"category":"Social Worker","city":"Dallas","company":"Rhynyx","description":"Oth disp fx of first cervcal vert, subs for fx w routn heal","email":"kgeorge1x@scribd.com","phone":"1-(214)909-3617","state":"Texas","street_adress":"8 Cascade Terrace","gender":"Female","zipcode":"75387","year_in_business":21,"first_name":"Kathleen","last_name":"George"},
{"category":"Information Systems Manager","city":"New Haven","company":"Twinder","description":"Nondisp fx of prox phalanx of r great toe, 7thP","email":"twhite1y@yelp.com","phone":"1-(203)375-8670","state":"Connecticut","street_adress":"659 Tennyson Point","gender":"Male","zipcode":"06520","year_in_business":13,"first_name":"Terry","last_name":"White"},
{"category":"Quality Control Specialist","city":"Austin","company":"Zava","description":"Poisoning by unsp psychotropic drug, accidental, init","email":"astewart1z@blogger.com","phone":"1-(512)260-1367","state":"Texas","street_adress":"84068 Kings Parkway","gender":"Male","zipcode":"78721","year_in_business":15,"first_name":"Alan","last_name":"Stewart"},
{"category":"Senior Developer","city":"Fort Wayne","company":"JumpXS","description":"Mechanical ptosis of unspecified eyelid","email":"dreynolds20@jugem.jp","phone":"1-(260)543-2780","state":"Indiana","street_adress":"1595 Scoville Trail","gender":"Male","zipcode":"46896","year_in_business":25,"first_name":"Douglas","last_name":"Reynolds"},
{"category":"Registered Nurse","city":"Spokane","company":"Babbleblab","description":"Pnctr of abd wall w/o fb, unsp q w/o penet perit cav, subs","email":"pbaker21@gmpg.org","phone":"1-(509)674-1721","state":"Washington","street_adress":"55 Del Mar Court","gender":"Female","zipcode":"99215","year_in_business":6,"first_name":"Patricia","last_name":"Baker"},
{"category":"GIS Technical Architect","city":"Seattle","company":"Flashspan","description":"Matern care for damag to fts from viral dis in mother, fts5","email":"cyoung22@geocities.com","phone":"1-(360)638-5551","state":"Washington","street_adress":"0471 Briar Crest Plaza","gender":"Female","zipcode":"98158","year_in_business":38,"first_name":"Christina","last_name":"Young"},
{"category":"General Manager","city":"Raleigh","company":"Gigazoom","description":"Laceration w fb of unsp finger w/o damage to nail, subs","email":"cbennett23@answers.com","phone":"1-(919)474-8243","state":"North Carolina","street_adress":"646 Gale Terrace","gender":"Female","zipcode":"27605","year_in_business":1,"first_name":"Carolyn","last_name":"Bennett"},
{"category":"Senior Sales Associate","city":"Saint Paul","company":"Tagtune","description":"Anterior cord syndrome at unsp level of thoracic spinal cord","email":"lromero24@walmart.com","phone":"1-(612)252-4667","state":"Minnesota","street_adress":"32 Oriole Alley","gender":"Male","zipcode":"55103","year_in_business":17,"first_name":"Larry","last_name":"Romero"},
{"category":"Senior Financial Analyst","city":"Las Vegas","company":"Youbridge","description":"Corrosion of second degree of scapular region","email":"mbell25@meetup.com","phone":"1-(702)283-0428","state":"Nevada","street_adress":"5137 Corry Avenue","gender":"Male","zipcode":"89110","year_in_business":21,"first_name":"Mark","last_name":"Bell"},
{"category":"Health Coach IV","city":"Migrate","company":"Eazzy","description":"Poisoning by anthelminthics, intentional self-harm, init","email":"bstanley26@freewebs.com","phone":"1-(502)519-3136","state":"Kentucky","street_adress":"31 Oneill Terrace","gender":"Male","zipcode":"41905","year_in_business":10,"first_name":"Benjamin","last_name":"Stanley"},
{"category":"Community Outreach Specialist","city":"Houston","company":"Riffpath","description":"Adverse effect of unsp antipsychot/neurolept, sequela","email":"tcarr27@blinklist.com","phone":"1-(713)844-1021","state":"Texas","street_adress":"080 Warner Circle","gender":"Male","zipcode":"77206","year_in_business":33,"first_name":"Timothy","last_name":"Carr"},
{"category":"Accounting Assistant II","city":"Sacramento","company":"Feedbug","description":"Intermittent monocular esotropia","email":"ahansen28@google.com.br","phone":"1-(916)669-8327","state":"California","street_adress":"8549 Montana Place","gender":"Female","zipcode":"94237","year_in_business":24,"first_name":"Anne","last_name":"Hansen"},
{"category":"Librarian","city":"Honolulu","company":"Feedmix","description":"Myositis ossificans traumatica, upper arm","email":"treid29@state.tx.us","phone":"1-(808)535-6310","state":"Hawaii","street_adress":"3695 Parkside Trail","gender":"Female","zipcode":"96810","year_in_business":12,"first_name":"Theresa","last_name":"Reid"},
{"category":"Accounting Assistant IV","city":"South Bend","company":"Wikivu","description":"Disp fx of neck of unsp radius, subs for clos fx w malunion","email":"epowell2a@usda.gov","phone":"1-(574)211-5619","state":"Indiana","street_adress":"59 Fordem Avenue","gender":"Female","zipcode":"46699","year_in_business":29,"first_name":"Evelyn","last_name":"Powell"},
{"category":"Analog Circuit Design manager","city":"Annapolis","company":"Devshare","description":"Displacement of implanted penile prosthesis, subs","email":"jjohnston2b@wisc.edu","phone":"1-(410)330-9604","state":"Maryland","street_adress":"1 Kenwood Circle","gender":"Female","zipcode":"21405","year_in_business":14,"first_name":"Julia","last_name":"Johnston"},
{"category":"Registered Nurse","city":"Young America","company":"Dabfeed","description":"Struck by other hit or thrown ball, subsequent encounter","email":"jreid2c@lulu.com","phone":"1-(952)518-5368","state":"Minnesota","street_adress":"3269 Sunfield Park","gender":"Female","zipcode":"55564","year_in_business":38,"first_name":"Jane","last_name":"Reid"},
{"category":"Account Representative IV","city":"Wichita Falls","company":"Edgepulse","description":"Complete traumatic amputation of right foot at ankle level","email":"lpayne2d@cnn.com","phone":"1-(940)862-6115","state":"Texas","street_adress":"288 Buena Vista Trail","gender":"Female","zipcode":"76310","year_in_business":40,"first_name":"Laura","last_name":"Payne"},
{"category":"Financial Advisor","city":"Topeka","company":"Oozz","description":"Displ bicondylar fx r tibia, 7thN","email":"smiller2e@sakura.ne.jp","phone":"1-(785)464-0264","state":"Kansas","street_adress":"4894 Miller Junction","gender":"Female","zipcode":"66642","year_in_business":2,"first_name":"Shirley","last_name":"Miller"},
{"category":"Structural Engineer","city":"Boise","company":"Babbleblab","description":"Poisoning by antiallerg/antiemetic, self-harm, init","email":"mgibson2f@amazon.co.uk","phone":"1-(208)964-3654","state":"Idaho","street_adress":"64583 Jay Lane","gender":"Female","zipcode":"83722","year_in_business":17,"first_name":"Martha","last_name":"Gibson"},
{"category":"Human Resources Assistant I","city":"Toledo","company":"Vitz","description":"Mammary duct ectasia of unspecified breast","email":"tdaniels2g@tinyurl.com","phone":"1-(419)216-0266","state":"Ohio","street_adress":"4456 Del Mar Terrace","gender":"Female","zipcode":"43605","year_in_business":34,"first_name":"Teresa","last_name":"Daniels"},
{"category":"Automation Specialist II","city":"Shreveport","company":"Skilith","description":"Rheu arthritis of left knee w involv of organs and systems","email":"vsanders2h@people.com.cn","phone":"1-(318)793-9385","state":"Louisiana","street_adress":"7744 Riverside Alley","gender":"Male","zipcode":"71161","year_in_business":5,"first_name":"Victor","last_name":"Sanders"},
{"category":"Technical Writer","city":"Pensacola","company":"Twitternation","description":"Failed trial of labor","email":"agilbert2i@comsenz.com","phone":"1-(850)360-3181","state":"Florida","street_adress":"546 Elka Hill","gender":"Male","zipcode":"32511","year_in_business":37,"first_name":"Albert","last_name":"Gilbert"},
{"category":"Software Engineer III","city":"Marietta","company":"Camido","description":"Unspecified superficial injury of left thigh","email":"speters2j@netvibes.com","phone":"1-(678)979-7457","state":"Georgia","street_adress":"2 Drewry Way","gender":"Male","zipcode":"30066","year_in_business":20,"first_name":"Shawn","last_name":"Peters"},
{"category":"Help Desk Operator","city":"Philadelphia","company":"Devpoint","description":"Underdosing of antihyperlip and antiarterio drugs, sequela","email":"jwilson2k@tiny.cc","phone":"1-(267)463-5148","state":"Pennsylvania","street_adress":"44 Moulton Avenue","gender":"Male","zipcode":"19146","year_in_business":20,"first_name":"Jesse","last_name":"Wilson"},
{"category":"Engineer III","city":"Lake Worth","company":"Livetube","description":"Maternal care for oth rhesus isoimmun, second tri, fetus 2","email":"barnold2l@about.me","phone":"1-(561)923-9535","state":"Florida","street_adress":"0678 Katie Circle","gender":"Male","zipcode":"33462","year_in_business":23,"first_name":"Bobby","last_name":"Arnold"},
{"category":"Associate Professor","city":"Newport News","company":"Buzzdog","description":"Other superficial bite of hand of unspecified hand","email":"msanders2m@dot.gov","phone":"1-(757)765-9188","state":"Virginia","street_adress":"785 Memorial Place","gender":"Female","zipcode":"23612","year_in_business":10,"first_name":"Mildred","last_name":"Sanders"},
{"category":"Quality Engineer","city":"Little Rock","company":"Yodo","description":"Melanoma in situ of unspecified eyelid, including canthus","email":"mgutierrez2n@ca.gov","phone":"1-(501)924-5260","state":"Arkansas","street_adress":"88 Roth Center","gender":"Male","zipcode":"72204","year_in_business":24,"first_name":"Michael","last_name":"Gutierrez"},
{"category":"Chief Design Engineer","city":"Washington","company":"Camido","description":"Intentional self-harm by drowning and submersion","email":"bhoward2o@nytimes.com","phone":"1-(202)790-4326","state":"District of Columbia","street_adress":"0 Fallview Plaza","gender":"Male","zipcode":"20051","year_in_business":26,"first_name":"Brandon","last_name":"Howard"},
{"category":"Senior Sales Associate","city":"Brea","company":"Mynte","description":"Hypertensive retinopathy","email":"wward2p@1und1.de","phone":"1-(714)521-1136","state":"California","street_adress":"15486 Sunfield Point","gender":"Male","zipcode":"92822","year_in_business":3,"first_name":"William","last_name":"Ward"},
{"category":"Software Test Engineer IV","city":"Midland","company":"Feedmix","description":"Occupant of streetcar injured by fall from streetcar, subs","email":"pharrison2q@economist.com","phone":"1-(432)671-5989","state":"Texas","street_adress":"41 Barnett Street","gender":"Female","zipcode":"79710","year_in_business":22,"first_name":"Paula","last_name":"Harrison"},
{"category":"VP Sales","city":"Hartford","company":"Topicware","description":"Blister (nonthermal) of left thumb","email":"dstewart2r@china.com.cn","phone":"1-(860)925-1390","state":"Connecticut","street_adress":"581 Brown Way","gender":"Female","zipcode":"06140","year_in_business":32,"first_name":"Diane","last_name":"Stewart"}]