[{"first_name":"Anthony","last_name":"Morrison","email":"amorrison0@taobao.com","phone":"1-(720)126-5063","street_address":"481 Hayes Circle","zipcode":"80228","years_in_business":4,"state":"Colorado","description":"Monteggia's fracture of unspecified ulna, subsequent encounter for closed fracture with delayed healing","company":"Brainbox","city":"Denver","category":"Marketing Manager"},
{"first_name":"Carolyn","last_name":"Garrett","email":"cgarrett1@drupal.org","phone":"1-(501)580-6423","street_address":"61241 Becker Circle","zipcode":"72209","years_in_business":20,"state":"Arkansas","description":"Superficial injury of hip and thigh","company":"Ntag","city":"Little Rock","category":"Junior Executive"},
{"first_name":"Bonnie","last_name":"Torres","email":"btorres2@fotki.com","phone":"1-(831)259-4664","street_address":"580 Annamark Center","zipcode":"95054","years_in_business":12,"state":"California","description":"Carrier of other specified bacterial diseases","company":"Kayveo","city":"Santa Clara","category":"Software Test Engineer IV"},
{"first_name":"Ralph","last_name":"Reed","email":"rreed3@netlog.com","phone":"1-(513)958-6340","street_address":"69 Valley Edge Circle","zipcode":"45271","years_in_business":8,"state":"Ohio","description":"Poisoning by, adverse effect of and underdosing of intravenous anesthetics","company":"Buzzshare","city":"Cincinnati","category":"Financial Analyst"},
{"first_name":"Marie","last_name":"Banks","email":"mbanks4@ehow.com","phone":"1-(407)659-9726","street_address":"149 Springview Plaza","zipcode":"32803","years_in_business":12,"state":"Florida","description":"Complications of anesthesia during the puerperium","company":"Feedfire","city":"Orlando","category":"Media Manager I"}]