[{"first_name":"Bruce","last_name":"Schmidt","email":"bschmidt0@cpanel.net","phone":"1-(806)702-0187","street_address":"89650 Katie Court","zipcode":"79118","years_in_business":2,"state":"Texas","description":"Bursitis of shoulder","company":"Aibox","city":"Amarillo","category":"Junior Executive"},
{"first_name":"Matthew","last_name":"White","email":"mwhite1@whitehouse.gov","phone":"1-(520)136-9618","street_address":"90 Gerald Hill","zipcode":"85715","years_in_business":18,"state":"Arizona","description":"Malignant neoplasm of unspecified bones and articular cartilage of unspecified limb","company":"Trudeo","city":"Tucson","category":"Marketing Assistant"},
{"first_name":"Joan","last_name":"Lawson","email":"jlawson2@webeden.co.uk","phone":"1-(858)731-7625","street_address":"5695 8th Road","zipcode":"92110","years_in_business":6,"state":"California","description":"Puncture wound with foreign body of right ring finger without damage to nail, sequela","company":"Shuffletag","city":"San Diego","category":"Graphic Designer"},
{"first_name":"Lisa","last_name":"Nguyen","email":"lnguyen3@oakley.com","phone":"1-(608)480-3673","street_address":"8 Sherman Point","zipcode":"53790","years_in_business":15,"state":"Wisconsin","description":"Other injury of abdominal aorta","company":"Flipopia","city":"Madison","category":"Analog Circuit Design manager"},
{"first_name":"Justin","last_name":"Olson","email":"jolson4@privacy.gov.au","phone":"1-(212)845-2781","street_address":"24 Rutledge Road","zipcode":"11247","years_in_business":12,"state":"New York","description":"Dislocation of other parts of thorax, initial encounter","company":"Centimia","city":"Brooklyn","category":"Analog Circuit Design manager"},
{"first_name":"Donna","last_name":"Gilbert","email":"dgilbert5@mail.ru","phone":"1-(608)741-6508","street_address":"1106 Truax Place","zipcode":"53705","years_in_business":20,"state":"Wisconsin","description":"Terrorism involving other explosions and fragments, civilian injured, initial encounter","company":"Jabbersphere","city":"Madison","category":"Administrative Assistant I"},
{"first_name":"Steve","last_name":"Palmer","email":"spalmer6@time.com","phone":"1-(808)784-2507","street_address":"317 Dapin Hill","zipcode":"96845","years_in_business":8,"state":"Hawaii","description":"Other fracture of first lumbar vertebra, initial encounter for open fracture","company":"Eamia","city":"Honolulu","category":"Safety Technician II"},
{"first_name":"Chris","last_name":"Phillips","email":"cphillips7@cargocollective.com","phone":"1-(734)854-8056","street_address":"0 Carioca Hill","zipcode":"48107","years_in_business":14,"state":"Michigan","description":"Leakage of other vascular grafts","company":"Cogibox","city":"Ann Arbor","category":"Human Resources Manager"},
{"first_name":"Stephanie","last_name":"Gonzales","email":"sgonzales8@reddit.com","phone":"1-(602)741-8104","street_address":"47 Golf Course Road","zipcode":"85083","years_in_business":14,"state":"Arizona","description":"Other hypotension","company":"Mycat","city":"Phoenix","category":"Food Chemist"},
{"first_name":"Keith","last_name":"Ryan","email":"kryan9@lycos.com","phone":"1-(480)380-2847","street_address":"01 Scoville Court","zipcode":"85255","years_in_business":9,"state":"Arizona","description":"Other and unspecified dermatitis","company":"Buzzdog","city":"Scottsdale","category":"Senior Financial Analyst"}]