[{"category":"Account Executive","city":"Washington","company":"Devshare","description":"Smith's fx unsp radius, subs for opn fx type I/2 w nonunion","email":"fbrown0@vimeo.com","phone":"1-(202)741-0886","state":"District of Columbia","street_adress":"291 Porter Park","gender":"Male","zipcode":"20430","year_in_business":23,"first_name":"Frank","last_name":"Brown"},
{"category":"VP Quality Control","city":"Kansas City","company":"Oyoyo","description":"Anal low risk human papillomavirus (HPV) DNA test positive","email":"rfields1@blog.com","phone":"1-(913)628-5793","state":"Kansas","street_adress":"2738 Hoepker Park","gender":"Male","zipcode":"66105","year_in_business":31,"first_name":"Ronald","last_name":"Fields"},
{"category":"Project Manager","city":"Lubbock","company":"Rhycero","description":"Other osteonecrosis, multiple sites","email":"dcoleman2@addthis.com","phone":"1-(806)144-7115","state":"Texas","street_adress":"65 Buell Way","gender":"Female","zipcode":"79491","year_in_business":13,"first_name":"Diane","last_name":"Coleman"},
{"category":"Software Test Engineer I","city":"Colorado Springs","company":"Ooba","description":"Blister (nonthermal) of toe","email":"jgordon3@themeforest.net","phone":"1-(719)425-6971","state":"Colorado","street_adress":"7 Iowa Circle","gender":"Male","zipcode":"80945","year_in_business":1,"first_name":"Juan","last_name":"Gordon"},
{"category":"Desktop Support Technician","city":"Birmingham","company":"Eire","description":"Dehydration","email":"cwatson4@umn.edu","phone":"1-(205)160-5667","state":"Alabama","street_adress":"734 Forest Plaza","gender":"Female","zipcode":"35215","year_in_business":2,"first_name":"Catherine","last_name":"Watson"}]