[{"category":"Account Executive","city":"Ventura","company":"Meembee","description":"Burn of first degree of left elbow, sequela","email":"nstanley0@foxnews.com","phone":"1-(805)681-8414","state":"California","street_adress":"5 Bashford Place","gender":"Female","zipcode":"93005","year_in_business":31,"first_name":"Nicole","last_name":"Stanley"},
{"category":"Professor","city":"Chicago","company":"Kare","description":"Lacerat blood vesls at abd, low back and pelvis level, sqla","email":"dvasquez1@ocn.ne.jp","phone":"1-(312)525-5079","state":"Illinois","street_adress":"910 Colorado Junction","gender":"Male","zipcode":"60614","year_in_business":21,"first_name":"David","last_name":"Vasquez"},
{"category":"Speech Pathologist","city":"San Jose","company":"Kazu","description":"Obstructed labor, unspecified","email":"acoleman2@yellowpages.com","phone":"1-(408)274-9324","state":"California","street_adress":"016 Ruskin Avenue","gender":"Female","zipcode":"95194","year_in_business":11,"first_name":"Amy","last_name":"Coleman"},
{"category":"Professor","city":"Wichita Falls","company":"Einti","description":"Burn of second degree of unspecified shoulder, init encntr","email":"balexander3@army.mil","phone":"1-(940)564-4585","state":"Texas","street_adress":"6 Veith Terrace","gender":"Male","zipcode":"76305","year_in_business":22,"first_name":"Bruce","last_name":"Alexander"},
{"category":"Registered Nurse","city":"Raleigh","company":"Voolith","description":"Fall into natrl body of water strk side cause drown, sequela","email":"jdavis4@sun.com","phone":"1-(919)990-1782","state":"North Carolina","street_adress":"4 Ryan Place","gender":"Female","zipcode":"27621","year_in_business":10,"first_name":"Jennifer","last_name":"Davis"},
{"category":"Human Resources Manager","city":"Washington","company":"Edgepulse","description":"Unsp mtrcy rider injured in collision w pedl cyc in traf","email":"ajordan5@netlog.com","phone":"1-(202)949-3007","state":"District of Columbia","street_adress":"71 Stoughton Hill","gender":"Female","zipcode":"20210","year_in_business":1,"first_name":"Anna","last_name":"Jordan"},
{"category":"Technical Writer","city":"Cleveland","company":"Devshare","description":"Vertebral artery compression syndromes, site unspecified","email":"cscott6@freewebs.com","phone":"1-(440)103-2295","state":"Ohio","street_adress":"14 Algoma Circle","gender":"Female","zipcode":"44125","year_in_business":25,"first_name":"Cynthia","last_name":"Scott"},
{"category":"General Manager","city":"Manchester","company":"Minyx","description":"Chronic sialoadenitis","email":"rallen7@arstechnica.com","phone":"1-(603)656-2983","state":"New Hampshire","street_adress":"02 Hayes Park","gender":"Male","zipcode":"03105","year_in_business":5,"first_name":"Raymond","last_name":"Allen"},
{"category":"VP Sales","city":"Greensboro","company":"Meetz","description":"Oth disp fx of sixth cervcal vert, subs for fx w delay heal","email":"fmarshall8@tripod.com","phone":"1-(336)487-3761","state":"North Carolina","street_adress":"527 Sachtjen Drive","gender":"Female","zipcode":"27425","year_in_business":22,"first_name":"Frances","last_name":"Marshall"},
{"category":"Health Coach IV","city":"Mobile","company":"Kamba","description":"Mtrcy driver injured in nonclsn trnsp acc in traf, sequela","email":"ttaylor9@edublogs.org","phone":"1-(251)558-7507","state":"Alabama","street_adress":"4746 Arapahoe Center","gender":"Male","zipcode":"36689","year_in_business":3,"first_name":"Todd","last_name":"Taylor"},
{"category":"Automation Specialist II","city":"Atlanta","company":"Wordtune","description":"Oth infections w sexl mode of transmiss comp pregnancy","email":"bperkinsa@answers.com","phone":"1-(678)820-8358","state":"Georgia","street_adress":"5 Helena Junction","gender":"Male","zipcode":"30328","year_in_business":34,"first_name":"Bobby","last_name":"Perkins"},
{"category":"Assistant Manager","city":"Chicago","company":"Oodoo","description":"Other polyosteoarthritis","email":"dwebbb@aol.com","phone":"1-(312)547-2710","state":"Illinois","street_adress":"6 Melby Park","gender":"Female","zipcode":"60636","year_in_business":29,"first_name":"Debra","last_name":"Webb"},
{"category":"Financial Advisor","city":"North Hollywood","company":"Skyndu","description":"Poisn by local antifung/infect/inflamm drugs, undet, subs","email":"sgomezc@walmart.com","phone":"1-(323)320-9450","state":"California","street_adress":"2 Miller Lane","gender":"Male","zipcode":"91606","year_in_business":12,"first_name":"Shawn","last_name":"Gomez"},
{"category":"Analog Circuit Design manager","city":"Grand Rapids","company":"Lajo","description":"Displaced pilon fx unsp tibia, subs for clos fx w malunion","email":"fchavezd@wired.com","phone":"1-(616)407-6190","state":"Michigan","street_adress":"98901 Vahlen Terrace","gender":"Male","zipcode":"49505","year_in_business":36,"first_name":"Fred","last_name":"Chavez"},
{"category":"Data Coordiator","city":"Migrate","company":"Leenti","description":"Failed trial of labor","email":"alynche@eventbrite.com","phone":"1-(502)191-9258","state":"Kentucky","street_adress":"47241 Pine View Crossing","gender":"Female","zipcode":"41905","year_in_business":30,"first_name":"Ashley","last_name":"Lynch"},
{"category":"Analog Circuit Design manager","city":"Bridgeport","company":"Photolist","description":"Displ spiral fx shaft of r fibula, 7thC","email":"rboydf@facebook.com","phone":"1-(203)860-1829","state":"Connecticut","street_adress":"90363 Vidon Place","gender":"Male","zipcode":"06673","year_in_business":13,"first_name":"Ronald","last_name":"Boyd"},
{"category":"Senior Financial Analyst","city":"Cleveland","company":"Kare","description":"Sltr-haris Type IV physl fx low end ulna, l arm, 7thK","email":"pgilbertg@ameblo.jp","phone":"1-(216)262-4303","state":"Ohio","street_adress":"646 David Junction","gender":"Male","zipcode":"44105","year_in_business":1,"first_name":"Patrick","last_name":"Gilbert"},
{"category":"Nuclear Power Engineer","city":"New York City","company":"Oyoloo","description":"Other fracture of right patella, sequela","email":"hharperh@auda.org.au","phone":"1-(646)725-1467","state":"New York","street_adress":"660 Merrick Point","gender":"Male","zipcode":"10039","year_in_business":37,"first_name":"Howard","last_name":"Harper"},
{"category":"Web Designer II","city":"Naples","company":"Rhybox","description":"Corrosion of first degree of right ear, sequela","email":"ccunninghami@amazon.co.uk","phone":"1-(305)391-5089","state":"Florida","street_adress":"40 Springview Park","gender":"Female","zipcode":"33961","year_in_business":26,"first_name":"Christina","last_name":"Cunningham"},
{"category":"Business Systems Development Analyst","city":"Greensboro","company":"Topicblab","description":"Ambulatory health services establishments as place","email":"creedj@virginia.edu","phone":"1-(336)141-2867","state":"North Carolina","street_adress":"2615 Talmadge Parkway","gender":"Female","zipcode":"27415","year_in_business":27,"first_name":"Carol","last_name":"Reed"},
{"category":"Dental Hygienist","city":"Cleveland","company":"Yacero","description":"Puncture wound without foreign body of left breast","email":"gfreemank@arstechnica.com","phone":"1-(440)913-3509","state":"Ohio","street_adress":"75208 Warbler Park","gender":"Male","zipcode":"44125","year_in_business":38,"first_name":"Gary","last_name":"Freeman"},
{"category":"VP Accounting","city":"Pompano Beach","company":"Eare","description":"Supervision of other high risk pregnancies, unsp trimester","email":"gstanleyl@home.pl","phone":"1-(561)445-8797","state":"Florida","street_adress":"9 Thierer Street","gender":"Male","zipcode":"33064","year_in_business":25,"first_name":"George","last_name":"Stanley"},
{"category":"Operator","city":"Las Vegas","company":"Twitterlist","description":"Dry eye syndrome of bilateral lacrimal glands","email":"llawsonm@alibaba.com","phone":"1-(702)806-5323","state":"Nevada","street_adress":"6 Prairie Rose Junction","gender":"Male","zipcode":"89115","year_in_business":9,"first_name":"Louis","last_name":"Lawson"},
{"category":"Chemical Engineer","city":"New Orleans","company":"Lajo","description":"Maternal care for excess fetal growth, second trimester, oth","email":"vpaynen@europa.eu","phone":"1-(504)390-5646","state":"Louisiana","street_adress":"92 Vera Terrace","gender":"Male","zipcode":"70116","year_in_business":26,"first_name":"Victor","last_name":"Payne"},
{"category":"Administrative Officer","city":"Tampa","company":"Layo","description":"Unsp fracture of unsp ilium, subs for fx w delay heal","email":"kreido@wired.com","phone":"1-(813)506-0660","state":"Florida","street_adress":"79540 Kensington Way","gender":"Female","zipcode":"33647","year_in_business":8,"first_name":"Kathryn","last_name":"Reid"},
{"category":"VP Sales","city":"West Hartford","company":"Twitterbridge","description":"Other echinococcosis","email":"ksullivanp@purevolume.com","phone":"1-(860)335-2087","state":"Connecticut","street_adress":"06 Vernon Drive","gender":"Female","zipcode":"06127","year_in_business":23,"first_name":"Kathy","last_name":"Sullivan"},
{"category":"Quality Control Specialist","city":"Saint Louis","company":"Topicshots","description":"Aortic ectasia","email":"kpierceq@hexun.com","phone":"1-(314)714-6551","state":"Missouri","street_adress":"5 Dahle Park","gender":"Female","zipcode":"63126","year_in_business":28,"first_name":"Kelly","last_name":"Pierce"},
{"category":"Computer Systems Analyst II","city":"Providence","company":"Dabshots","description":"Orchard as the place of occurrence of the external cause","email":"rkingr@domainmarket.com","phone":"1-(401)190-5598","state":"Rhode Island","street_adress":"4289 Bartillon Park","gender":"Male","zipcode":"02905","year_in_business":1,"first_name":"Randy","last_name":"King"},
{"category":"Human Resources Assistant I","city":"Richmond","company":"Gabspot","description":"Other forms of actinomycosis","email":"bwilliamss@statcounter.com","phone":"1-(804)899-3150","state":"Virginia","street_adress":"854 Fisk Pass","gender":"Female","zipcode":"23228","year_in_business":27,"first_name":"Betty","last_name":"Williams"},
{"category":"Financial Advisor","city":"San Diego","company":"Jayo","description":"Type 2 diabetes w oth diabetic ophthalmic complication","email":"bcollinst@ocn.ne.jp","phone":"1-(619)116-7020","state":"California","street_adress":"833 Hintze Park","gender":"Female","zipcode":"92191","year_in_business":16,"first_name":"Barbara","last_name":"Collins"},
{"category":"Chemical Engineer","city":"Cincinnati","company":"Demimbu","description":"Nondisp oblique fracture of shaft of right femur, sequela","email":"jgeorgeu@weibo.com","phone":"1-(513)254-1707","state":"Ohio","street_adress":"9 Troy Parkway","gender":"Male","zipcode":"45254","year_in_business":1,"first_name":"Joshua","last_name":"George"},
{"category":"Quality Engineer","city":"Boston","company":"Jabberstorm","description":"Disp fx of posterior process of right talus, sequela","email":"fstewartv@homestead.com","phone":"1-(617)625-7003","state":"Massachusetts","street_adress":"6 Sauthoff Point","gender":"Male","zipcode":"02203","year_in_business":32,"first_name":"Fred","last_name":"Stewart"},
{"category":"VP Marketing","city":"Grand Rapids","company":"Zoombeat","description":"Beriberi","email":"pphillipsw@ft.com","phone":"1-(616)971-1366","state":"Michigan","street_adress":"9 Golden Leaf Drive","gender":"Female","zipcode":"49505","year_in_business":22,"first_name":"Pamela","last_name":"Phillips"},
{"category":"Senior Cost Accountant","city":"Buffalo","company":"Npath","description":"Medial subluxation of proximal end of tibia, unsp knee, init","email":"dcookx@time.com","phone":"1-(716)387-5491","state":"New York","street_adress":"552 Tomscot Hill","gender":"Female","zipcode":"14233","year_in_business":26,"first_name":"Debra","last_name":"Cook"},
{"category":"Chemical Engineer","city":"West Palm Beach","company":"Eare","description":"Contus/lac/hem brainstem w/o loss of consciousness","email":"prodriguezy@sogou.com","phone":"1-(561)861-6892","state":"Florida","street_adress":"7860 Novick Circle","gender":"Female","zipcode":"33421","year_in_business":9,"first_name":"Pamela","last_name":"Rodriguez"},
{"category":"Professor","city":"Corpus Christi","company":"Katz","description":"Melanoma in situ of left upper limb, including shoulder","email":"tlarsonz@ow.ly","phone":"1-(361)307-8234","state":"Texas","street_adress":"88914 Lerdahl Drive","gender":"Male","zipcode":"78415","year_in_business":39,"first_name":"Terry","last_name":"Larson"},
{"category":"Associate Professor","city":"Provo","company":"Roomm","description":"Toxic effect of contact w sea anemone, undetermined, init","email":"aedwards10@amazon.co.uk","phone":"1-(801)224-4675","state":"Utah","street_adress":"74567 Clyde Gallagher Alley","gender":"Female","zipcode":"84605","year_in_business":2,"first_name":"Ashley","last_name":"Edwards"},
{"category":"Safety Technician II","city":"New Hyde Park","company":"Twitterlist","description":"Chronic gout due to renal impairment, unspecified site","email":"rbanks11@blogger.com","phone":"1-(516)322-4774","state":"New York","street_adress":"88059 Carey Road","gender":"Female","zipcode":"11044","year_in_business":11,"first_name":"Ruby","last_name":"Banks"},
{"category":"Senior Sales Associate","city":"Oklahoma City","company":"Photospace","description":"Subluxation of tarsometatarsal joint of unsp foot, subs","email":"tlong12@parallels.com","phone":"1-(405)425-9644","state":"Oklahoma","street_adress":"5 Algoma Parkway","gender":"Male","zipcode":"73179","year_in_business":9,"first_name":"Todd","last_name":"Long"},
{"category":"VP Quality Control","city":"Boulder","company":"Oba","description":"Other specified disorders of bone, shoulder","email":"taustin13@gmpg.org","phone":"1-(303)601-9835","state":"Colorado","street_adress":"89 Delaware Circle","gender":"Male","zipcode":"80328","year_in_business":3,"first_name":"Timothy","last_name":"Austin"},
{"category":"VP Product Management","city":"Washington","company":"Skinder","description":"Struck by shoe cleats, sequela","email":"pcrawford14@seattletimes.com","phone":"1-(202)682-0586","state":"District of Columbia","street_adress":"1332 Londonderry Terrace","gender":"Male","zipcode":"20436","year_in_business":4,"first_name":"Patrick","last_name":"Crawford"},
{"category":"Quality Control Specialist","city":"Pasadena","company":"Wordify","description":"Stress fracture, left hand, subs for fx w nonunion","email":"dellis15@soundcloud.com","phone":"1-(626)430-3828","state":"California","street_adress":"08 Menomonie Parkway","gender":"Male","zipcode":"91186","year_in_business":31,"first_name":"Donald","last_name":"Ellis"},
{"category":"Data Coordiator","city":"South Bend","company":"Yambee","description":"Exposure of implnt ureteral bulking agent into ureter, subs","email":"ajohnson16@telegraph.co.uk","phone":"1-(574)479-3082","state":"Indiana","street_adress":"75627 Gateway Court","gender":"Male","zipcode":"46699","year_in_business":31,"first_name":"Aaron","last_name":"Johnson"},
{"category":"Financial Advisor","city":"Washington","company":"Realbridge","description":"Osteochondropathy, unspecified of hand","email":"kevans17@merriam-webster.com","phone":"1-(202)714-9319","state":"District of Columbia","street_adress":"8 Texas Point","gender":"Male","zipcode":"20337","year_in_business":27,"first_name":"Kevin","last_name":"Evans"},
{"category":"Quality Engineer","city":"Washington","company":"Photojam","description":"Abrasion of foot","email":"mbowman18@apache.org","phone":"1-(202)928-6633","state":"District of Columbia","street_adress":"00653 Lunder Terrace","gender":"Female","zipcode":"20392","year_in_business":14,"first_name":"Maria","last_name":"Bowman"},
{"category":"Senior Editor","city":"Birmingham","company":"Camido","description":"Other fall on same level, initial encounter","email":"jharrison19@ft.com","phone":"1-(334)270-5328","state":"Alabama","street_adress":"19174 Dwight Plaza","gender":"Female","zipcode":"35210","year_in_business":34,"first_name":"Jean","last_name":"Harrison"},
{"category":"Graphic Designer","city":"Colorado Springs","company":"Kazio","description":"Toxic effect of benzene, accidental (unintentional), subs","email":"rdean1a@fastcompany.com","phone":"1-(719)913-6980","state":"Colorado","street_adress":"05048 Blackbird Park","gender":"Male","zipcode":"80935","year_in_business":24,"first_name":"Richard","last_name":"Dean"},
{"category":"Office Assistant II","city":"San Francisco","company":"Avaveo","description":"Nondisp fx of lateral condyle of unsp femr, 7thE","email":"apierce1b@godaddy.com","phone":"1-(415)278-5546","state":"California","street_adress":"88183 Fairview Crossing","gender":"Male","zipcode":"94116","year_in_business":7,"first_name":"Albert","last_name":"Pierce"},
{"category":"Tax Accountant","city":"Oceanside","company":"Buzzshare","description":"Other juvenile osteochondrosis, right hand","email":"sjordan1c@army.mil","phone":"1-(760)480-2978","state":"California","street_adress":"73 Dryden Alley","gender":"Male","zipcode":"92056","year_in_business":4,"first_name":"Scott","last_name":"Jordan"},
{"category":"Community Outreach Specialist","city":"Albany","company":"Tazzy","description":"Other streptococcal arthritis, unspecified ankle and foot","email":"kdiaz1d@feedburner.com","phone":"1-(518)810-0291","state":"New York","street_adress":"3 Eagle Crest Crossing","gender":"Male","zipcode":"12205","year_in_business":30,"first_name":"Kenneth","last_name":"Diaz"}]