[{"category":"Senior Editor","city":"San Diego","company":"Lajo","description":"Type 1 diab with severe nonp rtnop without mclr edema, l eye","email":"fcarpenter0@purevolume.com","phone":"1-(619)723-8676","state":"California","street_adress":"28 Eggendart Court","gender":"Female","zipcode":"92160","year_in_business":22,"first_name":"Frances","last_name":"Carpenter"},
{"category":"Executive Secretary","city":"Charleston","company":"Aimbu","description":"Com variab immunodef w predom immunoreg T-cell disorders","email":"wfuller1@buzzfeed.com","phone":"1-(304)220-8163","state":"West Virginia","street_adress":"8 Tomscot Place","gender":"Male","zipcode":"25313","year_in_business":39,"first_name":"Willie","last_name":"Fuller"},
{"category":"Research Nurse","city":"West Palm Beach","company":"Camimbo","description":"Nondisp fx of shaft of 1st MC bone, l hand, 7thK","email":"dgray2@technorati.com","phone":"1-(772)273-2536","state":"Florida","street_adress":"86 School Street","gender":"Male","zipcode":"33405","year_in_business":30,"first_name":"Dennis","last_name":"Gray"},
{"category":"Executive Secretary","city":"San Antonio","company":"Skimia","description":"Subluxation of distal interphaln joint of finger, sequela","email":"ejackson3@livejournal.com","phone":"1-(210)439-9932","state":"Texas","street_adress":"65878 Mayer Plaza","gender":"Female","zipcode":"78230","year_in_business":6,"first_name":"Emily","last_name":"Jackson"},
{"category":"Quality Engineer","city":"Dallas","company":"Centizu","description":"Chorioamnionitis, second trimester, fetus 1","email":"sjenkins4@multiply.com","phone":"1-(214)605-8592","state":"Texas","street_adress":"10 Marquette Way","gender":"Male","zipcode":"75342","year_in_business":22,"first_name":"Steve","last_name":"Jenkins"},
{"category":"Media Manager II","city":"Saint Cloud","company":"Oyondu","description":"Polyhydramnios, first trimester, fetus 4","email":"mwarren5@whitehouse.gov","phone":"1-(320)760-4882","state":"Minnesota","street_adress":"98 Fallview Alley","gender":"Female","zipcode":"56398","year_in_business":37,"first_name":"Marilyn","last_name":"Warren"},
{"category":"Chemical Engineer","city":"Dallas","company":"Flashspan","description":"Disp fx of med malleolus of r tibia, 7thB","email":"nmoore6@techcrunch.com","phone":"1-(469)742-8839","state":"Texas","street_adress":"22623 Riverside Park","gender":"Female","zipcode":"75251","year_in_business":19,"first_name":"Nicole","last_name":"Moore"},
{"category":"Sales Associate","city":"Tampa","company":"Plambee","description":"Posterior subluxation of right sternoclavicular joint, subs","email":"lreed7@wikipedia.org","phone":"1-(813)581-5908","state":"Florida","street_adress":"49653 Granby Point","gender":"Female","zipcode":"33673","year_in_business":34,"first_name":"Linda","last_name":"Reed"},
{"category":"Compensation Analyst","city":"Kansas City","company":"Jetpulse","description":"Acute bronchiolitis, unspecified","email":"jwilson8@techcrunch.com","phone":"1-(816)200-4931","state":"Missouri","street_adress":"939 Kings Alley","gender":"Female","zipcode":"64193","year_in_business":4,"first_name":"Jessica","last_name":"Wilson"},
{"category":"VP Accounting","city":"Monticello","company":"Leexo","description":"Unspecified injury of fallopian tube, unilateral","email":"crichards9@nifty.com","phone":"1-(763)700-1693","state":"Minnesota","street_adress":"15789 Riverside Park","gender":"Male","zipcode":"55585","year_in_business":8,"first_name":"Christopher","last_name":"Richards"}]