[{"category":"Environmental Tech"},
{"category":"Safety Technician IV"},
{"category":"Tax Accountant"},
{"category":"Structural Analysis Engineer"},
{"category":"Statistician I"},
{"category":"Research Nurse"},
{"category":"Geological Engineer"},
{"category":"Editor"},
{"category":"Recruiting Manager"},
{"category":"Programmer I"},
{"category":"GIS Technical Architect"},
{"category":"Technical Writer"},
{"category":"Teacher"},
{"category":"Research Nurse"},
{"category":"VP Marketing"},
{"category":"VP Sales"},
{"category":"Recruiting Manager"},
{"category":"Nurse"},
{"category":"Biostatistician IV"},
{"category":"Engineer II"},
{"category":"Budget/Accounting Analyst III"},
{"category":"Professor"},
{"category":"Product Engineer"},
{"category":"Marketing Assistant"},
{"category":"Recruiter"},
{"category":"Help Desk Technician"},
{"category":"Project Manager"},
{"category":"Occupational Therapist"},
{"category":"Help Desk Technician"},
{"category":"Physical Therapy Assistant"},
{"category":"Civil Engineer"},
{"category":"Teacher"},
{"category":"Recruiting Manager"},
{"category":"Administrative Assistant I"},
{"category":"Clinical Specialist"},
{"category":"Marketing Manager"},
{"category":"Associate Professor"},
{"category":"Account Coordinator"},
{"category":"Office Assistant IV"},
{"category":"Senior Cost Accountant"},
{"category":"VP Quality Control"},
{"category":"Cost Accountant"},
{"category":"VP Sales"},
{"category":"Product Engineer"},
{"category":"Nurse"},
{"category":"Analyst Programmer"},
{"category":"Web Designer II"},
{"category":"Nuclear Power Engineer"},
{"category":"Senior Cost Accountant"},
{"category":"Senior Cost Accountant"},
{"category":"Account Representative III"},
{"category":"Quality Control Specialist"},
{"category":"Environmental Specialist"},
{"category":"Human Resources Assistant II"},
{"category":"Software Consultant"},
{"category":"Actuary"},
{"category":"Registered Nurse"},
{"category":"Librarian"},
{"category":"Pharmacist"},
{"category":"Chief Design Engineer"},
{"category":"Account Executive"},
{"category":"Administrative Officer"},
{"category":"Clinical Specialist"},
{"category":"Assistant Professor"},
{"category":"Programmer Analyst III"},
{"category":"Speech Pathologist"},
{"category":"General Manager"},
{"category":"Operator"},
{"category":"Community Outreach Specialist"},
{"category":"Speech Pathologist"},
{"category":"Programmer III"},
{"category":"Computer Systems Analyst IV"},
{"category":"Assistant Professor"},
{"category":"Software Consultant"},
{"category":"Software Test Engineer III"},
{"category":"Physical Therapy Assistant"},
{"category":"Community Outreach Specialist"},
{"category":"Safety Technician II"},
{"category":"Senior Financial Analyst"},
{"category":"Assistant Media Planner"},
{"category":"Assistant Manager"},
{"category":"Quality Control Specialist"},
{"category":"Data Coordiator"},
{"category":"Accounting Assistant III"},
{"category":"Financial Advisor"},
{"category":"Software Test Engineer II"},
{"category":"Mechanical Systems Engineer"},
{"category":"Director of Sales"},
{"category":"Assistant Media Planner"},
{"category":"Research Assistant I"},
{"category":"Human Resources Manager"},
{"category":"Developer I"},
{"category":"Nuclear Power Engineer"},
{"category":"Software Engineer I"},
{"category":"Physical Therapy Assistant"},
{"category":"Desktop Support Technician"},
{"category":"Software Test Engineer III"},
{"category":"Internal Auditor"},
{"category":"Account Representative IV"},
{"category":"Marketing Assistant"},
{"category":"Programmer I"},
{"category":"VP Sales"},
{"category":"Software Engineer IV"},
{"category":"Graphic Designer"},
{"category":"Staff Accountant II"},
{"category":"VP Product Management"},
{"category":"Payment Adjustment Coordinator"},
{"category":"Mechanical Systems Engineer"},
{"category":"Clinical Specialist"},
{"category":"Payment Adjustment Coordinator"},
{"category":"Dental Hygienist"},
{"category":"Director of Sales"},
{"category":"Operator"},
{"category":"Executive Secretary"},
{"category":"VP Product Management"},
{"category":"Developer III"},
{"category":"Nuclear Power Engineer"},
{"category":"Nurse"},
{"category":"Registered Nurse"},
{"category":"Financial Analyst"},
{"category":"Marketing Manager"},
{"category":"VP Sales"},
{"category":"Information Systems Manager"},
{"category":"VP Product Management"},
{"category":"Environmental Tech"},
{"category":"Accounting Assistant II"},
{"category":"Developer I"},
{"category":"Assistant Media Planner"},
{"category":"Marketing Assistant"},
{"category":"Software Consultant"},
{"category":"Dental Hygienist"},
{"category":"Biostatistician II"},
{"category":"Payment Adjustment Coordinator"},
{"category":"Actuary"},
{"category":"Geological Engineer"},
{"category":"Engineer IV"},
{"category":"Operator"},
{"category":"Paralegal"},
{"category":"Engineer I"},
{"category":"Computer Systems Analyst IV"},
{"category":"Staff Scientist"},
{"category":"Senior Editor"},
{"category":"Account Executive"},
{"category":"Occupational Therapist"},
{"category":"Nuclear Power Engineer"},
{"category":"Environmental Specialist"},
{"category":"Teacher"},
{"category":"Analog Circuit Design manager"},
{"category":"Research Nurse"},
{"category":"Senior Editor"},
{"category":"Financial Analyst"},
{"category":"Paralegal"},
{"category":"Software Test Engineer III"},
{"category":"Staff Accountant III"},
{"category":"Professor"},
{"category":"Associate Professor"},
{"category":"Account Executive"},
{"category":"Research Nurse"},
{"category":"Graphic Designer"},
{"category":"Account Coordinator"},
{"category":"Recruiting Manager"},
{"category":"Programmer Analyst II"},
{"category":"Desktop Support Technician"},
{"category":"Chief Design Engineer"},
{"category":"Registered Nurse"},
{"category":"Payment Adjustment Coordinator"},
{"category":"Cost Accountant"},
{"category":"Senior Developer"},
{"category":"Accounting Assistant I"},
{"category":"Software Test Engineer I"},
{"category":"Human Resources Assistant III"},
{"category":"Developer II"},
{"category":"Executive Secretary"},
{"category":"Nurse Practicioner"},
{"category":"Dental Hygienist"},
{"category":"Speech Pathologist"},
{"category":"Design Engineer"},
{"category":"VP Marketing"},
{"category":"GIS Technical Architect"},
{"category":"Design Engineer"},
{"category":"Nurse"},
{"category":"Graphic Designer"},
{"category":"Project Manager"},
{"category":"Chief Design Engineer"},
{"category":"Software Engineer II"},
{"category":"Senior Cost Accountant"},
{"category":"Operator"},
{"category":"Junior Executive"},
{"category":"Editor"},
{"category":"Senior Quality Engineer"},
{"category":"Help Desk Operator"},
{"category":"Human Resources Assistant I"},
{"category":"Systems Administrator I"},
{"category":"Structural Analysis Engineer"},
{"category":"Computer Systems Analyst I"},
{"category":"Nurse"},
{"category":"Desktop Support Technician"},
{"category":"GIS Technical Architect"},
{"category":"Account Coordinator"},
{"category":"Nurse"},
{"category":"Marketing Manager"},
{"category":"Dental Hygienist"},
{"category":"Information Systems Manager"},
{"category":"Software Engineer I"},
{"category":"Speech Pathologist"},
{"category":"Physical Therapy Assistant"},
{"category":"Safety Technician I"},
{"category":"Sales Associate"},
{"category":"Recruiting Manager"},
{"category":"Engineer I"},
{"category":"Programmer Analyst I"},
{"category":"Social Worker"},
{"category":"Senior Financial Analyst"},
{"category":"Occupational Therapist"},
{"category":"Database Administrator IV"},
{"category":"Junior Executive"},
{"category":"Account Representative II"},
{"category":"Staff Accountant I"},
{"category":"Budget/Accounting Analyst III"},
{"category":"Automation Specialist III"},
{"category":"General Manager"},
{"category":"Sales Representative"},
{"category":"Web Developer IV"},
{"category":"Analyst Programmer"},
{"category":"Technical Writer"},
{"category":"Safety Technician III"},
{"category":"Nurse Practicioner"},
{"category":"Tax Accountant"},
{"category":"Quality Engineer"},
{"category":"Technical Writer"},
{"category":"Database Administrator II"},
{"category":"Associate Professor"},
{"category":"Executive Secretary"},
{"category":"Speech Pathologist"},
{"category":"Statistician III"},
{"category":"Cost Accountant"},
{"category":"Recruiting Manager"},
{"category":"Operator"},
{"category":"Accounting Assistant I"},
{"category":"Senior Quality Engineer"},
{"category":"Design Engineer"},
{"category":"Human Resources Manager"},
{"category":"Programmer Analyst III"},
{"category":"Staff Accountant I"},
{"category":"Speech Pathologist"},
{"category":"Community Outreach Specialist"},
{"category":"Programmer Analyst III"},
{"category":"Marketing Assistant"},
{"category":"Mechanical Systems Engineer"},
{"category":"Assistant Manager"},
{"category":"Paralegal"},
{"category":"Data Coordiator"},
{"category":"Assistant Professor"},
{"category":"Research Nurse"},
{"category":"Desktop Support Technician"},
{"category":"Tax Accountant"},
{"category":"Sales Associate"},
{"category":"Programmer I"},
{"category":"Nuclear Power Engineer"},
{"category":"Database Administrator IV"},
{"category":"Design Engineer"},
{"category":"Nurse Practicioner"},
{"category":"Professor"},
{"category":"Marketing Manager"},
{"category":"Software Test Engineer I"},
{"category":"Media Manager III"},
{"category":"Librarian"},
{"category":"Environmental Tech"},
{"category":"Statistician I"},
{"category":"VP Sales"},
{"category":"Director of Sales"},
{"category":"Clinical Specialist"},
{"category":"VP Marketing"},
{"category":"Environmental Specialist"},
{"category":"Nurse"},
{"category":"Clinical Specialist"},
{"category":"Internal Auditor"},
{"category":"Payment Adjustment Coordinator"},
{"category":"Safety Technician II"},
{"category":"Accountant II"},
{"category":"Executive Secretary"},
{"category":"Senior Financial Analyst"},
{"category":"Database Administrator III"},
{"category":"VP Sales"},
{"category":"Human Resources Assistant III"},
{"category":"Geological Engineer"},
{"category":"Environmental Tech"},
{"category":"Social Worker"},
{"category":"Research Assistant I"},
{"category":"Administrative Officer"},
{"category":"Biostatistician III"},
{"category":"Director of Sales"},
{"category":"Project Manager"},
{"category":"Junior Executive"},
{"category":"Design Engineer"},
{"category":"VP Quality Control"},
{"category":"Nurse"},
{"category":"Analog Circuit Design manager"},
{"category":"VP Sales"},
{"category":"Assistant Manager"},
{"category":"Teacher"},
{"category":"Safety Technician IV"},
{"category":"Statistician IV"},
{"category":"Account Executive"},
{"category":"Account Executive"},
{"category":"Human Resources Manager"},
{"category":"Mechanical Systems Engineer"},
{"category":"Financial Analyst"},
{"category":"Senior Quality Engineer"},
{"category":"Electrical Engineer"},
{"category":"VP Marketing"},
{"category":"Quality Engineer"},
{"category":"Nurse"},
{"category":"Product Engineer"},
{"category":"Assistant Media Planner"},
{"category":"Software Test Engineer I"},
{"category":"Senior Developer"},
{"category":"Nurse Practicioner"},
{"category":"Graphic Designer"},
{"category":"Design Engineer"},
{"category":"Programmer Analyst IV"},
{"category":"Financial Analyst"},
{"category":"VP Accounting"},
{"category":"Engineer I"},
{"category":"VP Sales"},
{"category":"Project Manager"},
{"category":"Senior Editor"},
{"category":"Geologist I"},
{"category":"Geological Engineer"},
{"category":"Marketing Assistant"},
{"category":"Assistant Media Planner"},
{"category":"Research Associate"},
{"category":"Executive Secretary"},
{"category":"Product Engineer"},
{"category":"VP Product Management"},
{"category":"Marketing Manager"},
{"category":"Computer Systems Analyst IV"},
{"category":"Engineer III"},
{"category":"Staff Accountant IV"},
{"category":"Programmer II"},
{"category":"Recruiting Manager"},
{"category":"Occupational Therapist"},
{"category":"Web Designer III"},
{"category":"Director of Sales"},
{"category":"Account Executive"},
{"category":"Quality Control Specialist"},
{"category":"Account Representative I"},
{"category":"Speech Pathologist"},
{"category":"Software Test Engineer II"},
{"category":"Community Outreach Specialist"},
{"category":"Assistant Manager"},
{"category":"Editor"},
{"category":"Quality Engineer"},
{"category":"Social Worker"},
{"category":"Programmer I"},
{"category":"Civil Engineer"},
{"category":"Sales Associate"},
{"category":"Web Designer II"},
{"category":"Accounting Assistant II"},
{"category":"Staff Scientist"},
{"category":"Financial Advisor"},
{"category":"Systems Administrator III"},
{"category":"Cost Accountant"},
{"category":"Research Nurse"},
{"category":"VP Product Management"},
{"category":"Research Nurse"},
{"category":"VP Accounting"},
{"category":"Geological Engineer"},
{"category":"Business Systems Development Analyst"},
{"category":"Nurse Practicioner"},
{"category":"Senior Sales Associate"},
{"category":"Teacher"},
{"category":"VP Accounting"},
{"category":"Recruiter"},
{"category":"Recruiter"},
{"category":"Help Desk Operator"},
{"category":"Geologist IV"},
{"category":"Nuclear Power Engineer"},
{"category":"Health Coach III"},
{"category":"Biostatistician IV"},
{"category":"Media Manager I"},
{"category":"Registered Nurse"},
{"category":"Systems Administrator III"},
{"category":"Assistant Professor"},
{"category":"Research Assistant IV"},
{"category":"Analog Circuit Design manager"},
{"category":"Assistant Media Planner"},
{"category":"Senior Editor"},
{"category":"Account Coordinator"},
{"category":"Safety Technician I"},
{"category":"Account Coordinator"},
{"category":"Business Systems Development Analyst"},
{"category":"Desktop Support Technician"},
{"category":"Help Desk Operator"},
{"category":"Community Outreach Specialist"},
{"category":"Biostatistician IV"},
{"category":"Senior Cost Accountant"},
{"category":"Research Associate"},
{"category":"Programmer Analyst II"},
{"category":"Assistant Media Planner"},
{"category":"Financial Advisor"},
{"category":"Compensation Analyst"},
{"category":"Environmental Tech"},
{"category":"Data Coordiator"},
{"category":"Quality Control Specialist"},
{"category":"General Manager"},
{"category":"Help Desk Operator"},
{"category":"Speech Pathologist"},
{"category":"Geologist IV"},
{"category":"Graphic Designer"},
{"category":"Marketing Assistant"},
{"category":"Environmental Specialist"},
{"category":"Legal Assistant"},
{"category":"Sales Associate"},
{"category":"Accounting Assistant I"},
{"category":"Research Associate"},
{"category":"VP Product Management"},
{"category":"Compensation Analyst"},
{"category":"Technical Writer"},
{"category":"Senior Sales Associate"},
{"category":"VP Marketing"},
{"category":"Help Desk Operator"},
{"category":"Senior Cost Accountant"},
{"category":"Marketing Manager"},
{"category":"Media Manager II"},
{"category":"Compensation Analyst"},
{"category":"Sales Representative"},
{"category":"Information Systems Manager"},
{"category":"Office Assistant I"},
{"category":"Analyst Programmer"},
{"category":"Senior Developer"},
{"category":"Marketing Manager"},
{"category":"Structural Engineer"},
{"category":"Accounting Assistant II"},
{"category":"Speech Pathologist"},
{"category":"Paralegal"},
{"category":"Nurse"},
{"category":"Budget/Accounting Analyst III"},
{"category":"Graphic Designer"},
{"category":"Cost Accountant"},
{"category":"Programmer Analyst I"},
{"category":"Clinical Specialist"},
{"category":"Web Designer II"},
{"category":"Geologist IV"},
{"category":"Payment Adjustment Coordinator"},
{"category":"Nurse Practicioner"},
{"category":"Marketing Assistant"},
{"category":"Research Associate"},
{"category":"Office Assistant I"},
{"category":"Pharmacist"},
{"category":"Engineer IV"},
{"category":"Desktop Support Technician"},
{"category":"Technical Writer"},
{"category":"GIS Technical Architect"},
{"category":"Help Desk Technician"},
{"category":"Teacher"},
{"category":"Help Desk Operator"},
{"category":"Accounting Assistant IV"},
{"category":"Administrative Officer"},
{"category":"Senior Cost Accountant"},
{"category":"Teacher"},
{"category":"Community Outreach Specialist"},
{"category":"Technical Writer"},
{"category":"Physical Therapy Assistant"},
{"category":"Financial Analyst"},
{"category":"Product Engineer"},
{"category":"Senior Developer"},
{"category":"Office Assistant I"},
{"category":"Web Developer II"},
{"category":"Nurse Practicioner"},
{"category":"Mechanical Systems Engineer"},
{"category":"Research Assistant II"},
{"category":"Web Developer III"},
{"category":"VP Quality Control"},
{"category":"Environmental Specialist"},
{"category":"VP Quality Control"},
{"category":"Graphic Designer"},
{"category":"Director of Sales"},
{"category":"Research Associate"},
{"category":"Associate Professor"},
{"category":"Budget/Accounting Analyst IV"},
{"category":"Assistant Professor"},
{"category":"Speech Pathologist"},
{"category":"Mechanical Systems Engineer"},
{"category":"Design Engineer"},
{"category":"Senior Quality Engineer"},
{"category":"Statistician II"},
{"category":"Cost Accountant"},
{"category":"Financial Advisor"},
{"category":"Technical Writer"},
{"category":"Statistician II"},
{"category":"Speech Pathologist"},
{"category":"Structural Analysis Engineer"},
{"category":"Professor"},
{"category":"Financial Advisor"},
{"category":"Web Designer I"},
{"category":"Assistant Manager"},
{"category":"Payment Adjustment Coordinator"},
{"category":"General Manager"},
{"category":"Senior Cost Accountant"},
{"category":"Environmental Tech"},
{"category":"Librarian"},
{"category":"Assistant Professor"},
{"category":"Chief Design Engineer"},
{"category":"Systems Administrator II"},
{"category":"Analog Circuit Design manager"},
{"category":"Paralegal"},
{"category":"Business Systems Development Analyst"},
{"category":"Teacher"},
{"category":"Project Manager"},
{"category":"Marketing Assistant"},
{"category":"Health Coach IV"},
{"category":"Biostatistician I"},
{"category":"Geological Engineer"},
{"category":"Safety Technician I"},
{"category":"Financial Analyst"},
{"category":"Quality Engineer"},
{"category":"Junior Executive"},
{"category":"Accountant III"},
{"category":"Senior Sales Associate"},
{"category":"Electrical Engineer"},
{"category":"Assistant Manager"},
{"category":"Nuclear Power Engineer"},
{"category":"Physical Therapy Assistant"},
{"category":"Registered Nurse"},
{"category":"Environmental Specialist"},
{"category":"Nurse Practicioner"},
{"category":"Technical Writer"},
{"category":"Payment Adjustment Coordinator"},
{"category":"Physical Therapy Assistant"},
{"category":"GIS Technical Architect"},
{"category":"Recruiter"},
{"category":"Human Resources Manager"},
{"category":"Business Systems Development Analyst"},
{"category":"Operator"},
{"category":"Product Engineer"},
{"category":"Analyst Programmer"},
{"category":"Quality Engineer"},
{"category":"Help Desk Technician"},
{"category":"Software Engineer I"},
{"category":"Dental Hygienist"},
{"category":"Help Desk Operator"},
{"category":"VP Accounting"},
{"category":"Mechanical Systems Engineer"},
{"category":"Health Coach II"},
{"category":"Pharmacist"},
{"category":"Nurse"},
{"category":"Executive Secretary"},
{"category":"Engineer III"},
{"category":"VP Accounting"},
{"category":"Analyst Programmer"},
{"category":"Geologist III"},
{"category":"Help Desk Technician"},
{"category":"VP Marketing"},
{"category":"Staff Accountant I"},
{"category":"Nurse"},
{"category":"Senior Cost Accountant"},
{"category":"Software Consultant"},
{"category":"Health Coach IV"},
{"category":"Nurse Practicioner"},
{"category":"Physical Therapy Assistant"},
{"category":"Senior Developer"},
{"category":"Office Assistant III"},
{"category":"Chemical Engineer"},
{"category":"Geological Engineer"},
{"category":"Compensation Analyst"},
{"category":"Speech Pathologist"},
{"category":"Mechanical Systems Engineer"},
{"category":"Senior Cost Accountant"},
{"category":"Health Coach IV"},
{"category":"Nuclear Power Engineer"},
{"category":"VP Accounting"},
{"category":"Chemical Engineer"},
{"category":"Professor"},
{"category":"Dental Hygienist"},
{"category":"Civil Engineer"},
{"category":"Safety Technician III"},
{"category":"Electrical Engineer"},
{"category":"Senior Editor"},
{"category":"Pharmacist"},
{"category":"Chief Design Engineer"},
{"category":"Web Designer II"},
{"category":"Quality Engineer"},
{"category":"Food Chemist"},
{"category":"Dental Hygienist"},
{"category":"Accountant II"},
{"category":"Marketing Manager"},
{"category":"Senior Cost Accountant"},
{"category":"Sales Associate"},
{"category":"Automation Specialist I"},
{"category":"Paralegal"},
{"category":"Librarian"},
{"category":"Civil Engineer"},
{"category":"Recruiting Manager"},
{"category":"Help Desk Operator"},
{"category":"Editor"},
{"category":"Speech Pathologist"},
{"category":"Civil Engineer"},
{"category":"Dental Hygienist"},
{"category":"Speech Pathologist"},
{"category":"Administrative Officer"},
{"category":"Budget/Accounting Analyst II"},
{"category":"Database Administrator II"},
{"category":"Statistician II"},
{"category":"Civil Engineer"},
{"category":"Civil Engineer"},
{"category":"Environmental Specialist"},
{"category":"Sales Representative"},
{"category":"Information Systems Manager"},
{"category":"Nuclear Power Engineer"},
{"category":"Administrative Assistant IV"},
{"category":"Food Chemist"},
{"category":"Clinical Specialist"},
{"category":"Environmental Tech"},
{"category":"Geological Engineer"},
{"category":"Help Desk Operator"},
{"category":"VP Marketing"},
{"category":"Structural Engineer"},
{"category":"Pharmacist"},
{"category":"Project Manager"},
{"category":"VP Product Management"},
{"category":"Professor"},
{"category":"Food Chemist"},
{"category":"Research Nurse"},
{"category":"Account Coordinator"},
{"category":"Structural Analysis Engineer"},
{"category":"Design Engineer"},
{"category":"Tax Accountant"},
{"category":"Engineer III"},
{"category":"Librarian"},
{"category":"Professor"},
{"category":"Occupational Therapist"},
{"category":"Sales Associate"},
{"category":"Environmental Specialist"},
{"category":"Financial Analyst"},
{"category":"Food Chemist"},
{"category":"Recruiter"},
{"category":"Programmer Analyst I"},
{"category":"Nuclear Power Engineer"},
{"category":"Physical Therapy Assistant"},
{"category":"VP Accounting"},
{"category":"Teacher"},
{"category":"VP Product Management"},
{"category":"Teacher"},
{"category":"Help Desk Technician"},
{"category":"Technical Writer"},
{"category":"Nuclear Power Engineer"},
{"category":"VP Sales"},
{"category":"Geologist IV"},
{"category":"Administrative Officer"},
{"category":"Pharmacist"},
{"category":"Operator"},
{"category":"Nuclear Power Engineer"},
{"category":"Financial Advisor"},
{"category":"Internal Auditor"},
{"category":"Software Consultant"},
{"category":"Director of Sales"},
{"category":"Junior Executive"},
{"category":"Help Desk Technician"},
{"category":"Quality Control Specialist"},
{"category":"Biostatistician II"},
{"category":"Legal Assistant"},
{"category":"Office Assistant III"},
{"category":"Speech Pathologist"},
{"category":"Help Desk Operator"},
{"category":"Analyst Programmer"},
{"category":"Junior Executive"},
{"category":"Help Desk Operator"},
{"category":"Graphic Designer"},
{"category":"Software Engineer I"},
{"category":"Programmer III"},
{"category":"Senior Sales Associate"},
{"category":"VP Accounting"},
{"category":"Help Desk Operator"},
{"category":"VP Accounting"},
{"category":"Senior Editor"},
{"category":"Quality Control Specialist"},
{"category":"Senior Developer"},
{"category":"Account Representative I"},
{"category":"Operator"},
{"category":"Statistician IV"},
{"category":"Programmer Analyst III"},
{"category":"Database Administrator I"},
{"category":"Safety Technician I"},
{"category":"Internal Auditor"},
{"category":"Financial Advisor"},
{"category":"Assistant Professor"},
{"category":"Software Test Engineer I"},
{"category":"Administrative Officer"},
{"category":"Cost Accountant"},
{"category":"VP Accounting"},
{"category":"General Manager"},
{"category":"Cost Accountant"},
{"category":"Marketing Assistant"},
{"category":"Product Engineer"},
{"category":"Financial Analyst"},
{"category":"Programmer Analyst IV"},
{"category":"Information Systems Manager"},
{"category":"Administrative Assistant III"},
{"category":"Staff Accountant I"},
{"category":"Electrical Engineer"},
{"category":"Automation Specialist II"},
{"category":"Computer Systems Analyst I"},
{"category":"GIS Technical Architect"},
{"category":"Compensation Analyst"},
{"category":"Structural Engineer"},
{"category":"Physical Therapy Assistant"},
{"category":"Web Designer I"},
{"category":"Engineer I"},
{"category":"Project Manager"},
{"category":"Database Administrator IV"},
{"category":"Food Chemist"},
{"category":"Design Engineer"},
{"category":"Mechanical Systems Engineer"},
{"category":"Geologist II"},
{"category":"Marketing Manager"},
{"category":"Research Associate"},
{"category":"Product Engineer"},
{"category":"Help Desk Technician"},
{"category":"Accountant III"},
{"category":"Director of Sales"},
{"category":"Director of Sales"},
{"category":"Occupational Therapist"},
{"category":"GIS Technical Architect"},
{"category":"Actuary"},
{"category":"Environmental Specialist"},
{"category":"Dental Hygienist"},
{"category":"Geological Engineer"},
{"category":"Legal Assistant"},
{"category":"Computer Systems Analyst I"},
{"category":"Nurse"},
{"category":"Accounting Assistant II"},
{"category":"Graphic Designer"},
{"category":"Legal Assistant"},
{"category":"Nurse Practicioner"},
{"category":"VP Accounting"},
{"category":"Compensation Analyst"},
{"category":"Environmental Specialist"},
{"category":"Sales Associate"},
{"category":"Research Associate"},
{"category":"Food Chemist"},
{"category":"Human Resources Manager"},
{"category":"Nurse"},
{"category":"Research Nurse"},
{"category":"Senior Cost Accountant"},
{"category":"Assistant Professor"},
{"category":"Senior Cost Accountant"},
{"category":"Help Desk Operator"},
{"category":"Human Resources Assistant I"},
{"category":"Social Worker"},
{"category":"Compensation Analyst"},
{"category":"Media Manager IV"},
{"category":"Automation Specialist II"},
{"category":"Nurse Practicioner"},
{"category":"Analyst Programmer"},
{"category":"Engineer II"},
{"category":"Physical Therapy Assistant"},
{"category":"Quality Control Specialist"},
{"category":"Analog Circuit Design manager"},
{"category":"Administrative Officer"},
{"category":"Chemical Engineer"},
{"category":"Chief Design Engineer"},
{"category":"Product Engineer"},
{"category":"Environmental Specialist"},
{"category":"Programmer Analyst II"},
{"category":"Nurse Practicioner"},
{"category":"VP Product Management"},
{"category":"Accounting Assistant II"},
{"category":"Junior Executive"},
{"category":"Teacher"},
{"category":"VP Sales"},
{"category":"Chief Design Engineer"},
{"category":"Cost Accountant"},
{"category":"Media Manager III"},
{"category":"Database Administrator III"},
{"category":"Environmental Tech"},
{"category":"Internal Auditor"},
{"category":"Staff Scientist"},
{"category":"VP Quality Control"},
{"category":"Associate Professor"},
{"category":"Structural Analysis Engineer"},
{"category":"Research Nurse"},
{"category":"VP Product Management"},
{"category":"Human Resources Manager"},
{"category":"Software Consultant"},
{"category":"Research Associate"},
{"category":"Developer III"},
{"category":"Programmer I"},
{"category":"Financial Advisor"},
{"category":"VP Marketing"},
{"category":"Analog Circuit Design manager"},
{"category":"Office Assistant III"},
{"category":"Sales Associate"},
{"category":"Nuclear Power Engineer"},
{"category":"Assistant Manager"},
{"category":"VP Product Management"},
{"category":"Structural Engineer"},
{"category":"Structural Analysis Engineer"},
{"category":"Nurse Practicioner"},
{"category":"Legal Assistant"},
{"category":"Accounting Assistant I"},
{"category":"Technical Writer"},
{"category":"Assistant Media Planner"},
{"category":"Nuclear Power Engineer"},
{"category":"Quality Engineer"},
{"category":"Paralegal"},
{"category":"General Manager"},
{"category":"Senior Editor"},
{"category":"Associate Professor"},
{"category":"Associate Professor"},
{"category":"Automation Specialist I"},
{"category":"Web Developer III"},
{"category":"Food Chemist"},
{"category":"Office Assistant III"},
{"category":"Computer Systems Analyst IV"},
{"category":"Research Nurse"},
{"category":"Community Outreach Specialist"},
{"category":"Actuary"},
{"category":"Junior Executive"},
{"category":"Professor"},
{"category":"Sales Associate"},
{"category":"Financial Advisor"},
{"category":"Physical Therapy Assistant"},
{"category":"Internal Auditor"},
{"category":"VP Marketing"},
{"category":"Accounting Assistant I"},
{"category":"Assistant Professor"},
{"category":"Editor"},
{"category":"Developer I"},
{"category":"Information Systems Manager"},
{"category":"Account Coordinator"},
{"category":"VP Product Management"},
{"category":"Design Engineer"},
{"category":"Staff Accountant IV"},
{"category":"Account Representative III"},
{"category":"Technical Writer"},
{"category":"Director of Sales"},
{"category":"Pharmacist"},
{"category":"Media Manager II"},
{"category":"Media Manager IV"},
{"category":"Quality Control Specialist"},
{"category":"Programmer Analyst IV"},
{"category":"Geologist III"},
{"category":"Legal Assistant"},
{"category":"Biostatistician I"},
{"category":"Associate Professor"},
{"category":"Software Test Engineer II"},
{"category":"Paralegal"},
{"category":"Research Nurse"},
{"category":"Account Coordinator"},
{"category":"Senior Developer"},
{"category":"Health Coach II"},
{"category":"Registered Nurse"},
{"category":"Budget/Accounting Analyst IV"},
{"category":"Senior Quality Engineer"},
{"category":"Human Resources Manager"},
{"category":"VP Accounting"},
{"category":"Assistant Media Planner"},
{"category":"Pharmacist"},
{"category":"Quality Engineer"},
{"category":"Cost Accountant"},
{"category":"Software Consultant"},
{"category":"Pharmacist"},
{"category":"GIS Technical Architect"},
{"category":"Account Representative II"},
{"category":"Assistant Professor"},
{"category":"Developer III"},
{"category":"Help Desk Technician"},
{"category":"VP Quality Control"},
{"category":"Design Engineer"},
{"category":"Analog Circuit Design manager"},
{"category":"General Manager"},
{"category":"Account Representative I"},
{"category":"Software Consultant"},
{"category":"Analyst Programmer"},
{"category":"Office Assistant II"},
{"category":"Office Assistant III"},
{"category":"Accountant II"},
{"category":"Statistician III"},
{"category":"Senior Financial Analyst"},
{"category":"Teacher"},
{"category":"Pharmacist"},
{"category":"Nuclear Power Engineer"},
{"category":"Recruiter"},
{"category":"VP Marketing"},
{"category":"Engineer III"},
{"category":"Account Coordinator"},
{"category":"Food Chemist"},
{"category":"Quality Engineer"},
{"category":"Media Manager III"},
{"category":"Electrical Engineer"},
{"category":"Senior Developer"},
{"category":"Programmer I"},
{"category":"Project Manager"},
{"category":"Sales Associate"},
{"category":"Physical Therapy Assistant"},
{"category":"Chief Design Engineer"},
{"category":"Physical Therapy Assistant"},
{"category":"Senior Quality Engineer"},
{"category":"GIS Technical Architect"},
{"category":"Technical Writer"},
{"category":"Geological Engineer"},
{"category":"Registered Nurse"},
{"category":"Help Desk Technician"},
{"category":"Budget/Accounting Analyst III"},
{"category":"Help Desk Technician"},
{"category":"Social Worker"},
{"category":"Associate Professor"},
{"category":"GIS Technical Architect"},
{"category":"Help Desk Operator"},
{"category":"Sales Representative"},
{"category":"Systems Administrator I"},
{"category":"Information Systems Manager"},
{"category":"Analog Circuit Design manager"},
{"category":"Quality Engineer"},
{"category":"Executive Secretary"},
{"category":"Systems Administrator I"},
{"category":"Human Resources Manager"},
{"category":"Clinical Specialist"},
{"category":"Human Resources Assistant I"},
{"category":"Quality Engineer"},
{"category":"Associate Professor"},
{"category":"Recruiting Manager"},
{"category":"Computer Systems Analyst III"},
{"category":"Community Outreach Specialist"},
{"category":"Product Engineer"},
{"category":"Senior Cost Accountant"},
{"category":"Pharmacist"},
{"category":"Sales Representative"},
{"category":"Account Representative IV"},
{"category":"Assistant Media Planner"},
{"category":"Developer II"},
{"category":"Food Chemist"},
{"category":"Senior Editor"},
{"category":"Systems Administrator I"},
{"category":"Human Resources Manager"},
{"category":"Legal Assistant"},
{"category":"Graphic Designer"},
{"category":"Chief Design Engineer"},
{"category":"Quality Control Specialist"},
{"category":"Research Nurse"},
{"category":"Computer Systems Analyst IV"},
{"category":"Cost Accountant"},
{"category":"GIS Technical Architect"},
{"category":"Mechanical Systems Engineer"},
{"category":"Programmer III"},
{"category":"Software Engineer III"},
{"category":"Analyst Programmer"},
{"category":"Account Coordinator"},
{"category":"Marketing Manager"},
{"category":"Analog Circuit Design manager"},
{"category":"Safety Technician I"},
{"category":"Help Desk Technician"},
{"category":"Geologist III"},
{"category":"Legal Assistant"},
{"category":"Structural Engineer"},
{"category":"Mechanical Systems Engineer"},
{"category":"Payment Adjustment Coordinator"},
{"category":"Payment Adjustment Coordinator"},
{"category":"Legal Assistant"},
{"category":"Help Desk Operator"},
{"category":"Social Worker"},
{"category":"Assistant Professor"},
{"category":"Administrative Officer"},
{"category":"Research Associate"},
{"category":"Office Assistant IV"},
{"category":"Registered Nurse"},
{"category":"Geological Engineer"},
{"category":"Recruiter"},
{"category":"Computer Systems Analyst II"},
{"category":"Engineer IV"},
{"category":"Teacher"},
{"category":"Nuclear Power Engineer"},
{"category":"Occupational Therapist"},
{"category":"Computer Systems Analyst IV"},
{"category":"Research Associate"},
{"category":"Senior Cost Accountant"},
{"category":"Cost Accountant"},
{"category":"Systems Administrator IV"},
{"category":"Financial Analyst"},
{"category":"Registered Nurse"},
{"category":"VP Quality Control"},
{"category":"Desktop Support Technician"},
{"category":"Librarian"},
{"category":"Administrative Officer"},
{"category":"Recruiter"},
{"category":"Research Nurse"},
{"category":"Registered Nurse"},
{"category":"Librarian"},
{"category":"Payment Adjustment Coordinator"},
{"category":"Legal Assistant"},
{"category":"Safety Technician II"},
{"category":"Operator"},
{"category":"Nuclear Power Engineer"},
{"category":"Senior Editor"},
{"category":"Community Outreach Specialist"},
{"category":"Budget/Accounting Analyst IV"},
{"category":"Teacher"},
{"category":"Project Manager"},
{"category":"Software Engineer I"}]