[{"category":"Biostatistician II"},
{"category":"Computer Systems Analyst III"},
{"category":"Statistician I"},
{"category":"Internal Auditor"},
{"category":"Analyst Programmer"},
{"category":"Structural Analysis Engineer"},
{"category":"Office Assistant I"},
{"category":"Electrical Engineer"},
{"category":"Engineer III"},
{"category":"Office Assistant II"},
{"category":"Information Systems Manager"},
{"category":"Health Coach III"},
{"category":"Account Coordinator"},
{"category":"Editor"},
{"category":"Programmer Analyst I"},
{"category":"Health Coach IV"},
{"category":"Environmental Tech"},
{"category":"Community Outreach Specialist"},
{"category":"Clinical Specialist"},
{"category":"Computer Systems Analyst II"},
{"category":"Quality Control Specialist"},
{"category":"Quality Engineer"},
{"category":"Tax Accountant"},
{"category":"Desktop Support Technician"},
{"category":"Registered Nurse"},
{"category":"Technical Writer"},
{"category":"Internal Auditor"},
{"category":"Programmer Analyst IV"},
{"category":"Pharmacist"},
{"category":"Accounting Assistant I"},
{"category":"Analog Circuit Design manager"},
{"category":"Physical Therapy Assistant"},
{"category":"Automation Specialist I"},
{"category":"Financial Advisor"},
{"category":"Quality Engineer"},
{"category":"Structural Analysis Engineer"},
{"category":"VP Quality Control"},
{"category":"Graphic Designer"},
{"category":"Engineer II"},
{"category":"Community Outreach Specialist"},
{"category":"Actuary"},
{"category":"Marketing Assistant"},
{"category":"Product Engineer"},
{"category":"Research Nurse"},
{"category":"Mechanical Systems Engineer"},
{"category":"Occupational Therapist"},
{"category":"Health Coach I"},
{"category":"Administrative Assistant II"},
{"category":"Structural Engineer"},
{"category":"Pharmacist"},
{"category":"Software Consultant"},
{"category":"Research Associate"},
{"category":"VP Quality Control"},
{"category":"Legal Assistant"},
{"category":"Human Resources Assistant III"},
{"category":"Media Manager I"},
{"category":"Community Outreach Specialist"},
{"category":"VP Marketing"},
{"category":"Analog Circuit Design manager"},
{"category":"Senior Quality Engineer"},
{"category":"Graphic Designer"},
{"category":"Sales Representative"},
{"category":"Physical Therapy Assistant"},
{"category":"Analyst Programmer"},
{"category":"Help Desk Operator"},
{"category":"Teacher"},
{"category":"Staff Scientist"},
{"category":"General Manager"},
{"category":"Programmer II"},
{"category":"Internal Auditor"},
{"category":"Chief Design Engineer"},
{"category":"Junior Executive"},
{"category":"Administrative Assistant II"},
{"category":"Account Representative IV"},
{"category":"Geologist I"},
{"category":"Community Outreach Specialist"},
{"category":"VP Accounting"},
{"category":"Dental Hygienist"},
{"category":"Programmer Analyst I"},
{"category":"Nurse"},
{"category":"Account Representative I"},
{"category":"Geological Engineer"},
{"category":"VP Accounting"},
{"category":"VP Accounting"},
{"category":"Help Desk Operator"},
{"category":"Research Assistant IV"},
{"category":"Web Designer IV"},
{"category":"Speech Pathologist"},
{"category":"VP Sales"},
{"category":"Electrical Engineer"},
{"category":"Financial Advisor"},
{"category":"Cost Accountant"},
{"category":"Pharmacist"},
{"category":"Assistant Manager"},
{"category":"Senior Financial Analyst"},
{"category":"Senior Quality Engineer"},
{"category":"Software Engineer III"},
{"category":"Geological Engineer"},
{"category":"Financial Advisor"},
{"category":"Nuclear Power Engineer"}]