[{"name":"Budget/Accounting Analyst IV"},
{"name":"Research Nurse"},
{"name":"Mechanical Systems Engineer"},
{"name":"Help Desk Operator"},
{"name":"Quality Control Specialist"},
{"name":"Senior Financial Analyst"},
{"name":"Librarian"},
{"name":"Environmental Tech"},
{"name":"Recruiting Manager"},
{"name":"Social Worker"},
{"name":"Financial Advisor"},
{"name":"Data Coordiator"},
{"name":"Compensation Analyst"},
{"name":"Dental Hygienist"},
{"name":"VP Quality Control"},
{"name":"Speech Pathologist"},
{"name":"Programmer Analyst I"},
{"name":"Physical Therapy Assistant"},
{"name":"Payment Adjustment Coordinator"},
{"name":"Actuary"},
{"name":"Social Worker"},
{"name":"Computer Systems Analyst I"},
{"name":"VP Marketing"},
{"name":"Food Chemist"},
{"name":"Technical Writer"},
{"name":"Computer Systems Analyst II"},
{"name":"Environmental Specialist"},
{"name":"Environmental Tech"},
{"name":"Account Executive"},
{"name":"Electrical Engineer"},
{"name":"VP Product Management"},
{"name":"Geological Engineer"},
{"name":"Quality Engineer"},
{"name":"Programmer Analyst I"},
{"name":"Editor"},
{"name":"Quality Control Specialist"},
{"name":"Administrative Assistant III"},
{"name":"Senior Developer"},
{"name":"Software Engineer II"},
{"name":"Librarian"},
{"name":"Mechanical Systems Engineer"},
{"name":"Senior Cost Accountant"},
{"name":"GIS Technical Architect"},
{"name":"Safety Technician II"},
{"name":"Geological Engineer"},
{"name":"Account Representative IV"},
{"name":"Analog Circuit Design manager"},
{"name":"Marketing Assistant"},
{"name":"Operator"},
{"name":"Help Desk Operator"},
{"name":"General Manager"},
{"name":"Research Nurse"},
{"name":"Senior Editor"},
{"name":"Help Desk Technician"},
{"name":"Recruiter"},
{"name":"Cost Accountant"},
{"name":"Financial Analyst"},
{"name":"Environmental Tech"},
{"name":"Database Administrator II"},
{"name":"Sales Associate"},
{"name":"Senior Quality Engineer"},
{"name":"Editor"},
{"name":"Account Coordinator"},
{"name":"Mechanical Systems Engineer"},
{"name":"Senior Sales Associate"},
{"name":"Financial Analyst"},
{"name":"Clinical Specialist"},
{"name":"Sales Representative"},
{"name":"Desktop Support Technician"},
{"name":"Internal Auditor"},
{"name":"Operator"},
{"name":"Health Coach I"},
{"name":"Mechanical Systems Engineer"},
{"name":"Legal Assistant"},
{"name":"Environmental Specialist"},
{"name":"Librarian"},
{"name":"Software Consultant"},
{"name":"Accountant I"},
{"name":"Assistant Media Planner"},
{"name":"Community Outreach Specialist"},
{"name":"Dental Hygienist"},
{"name":"Paralegal"},
{"name":"Geologist I"},
{"name":"Engineer IV"},
{"name":"Civil Engineer"},
{"name":"Tax Accountant"},
{"name":"Cost Accountant"},
{"name":"Mechanical Systems Engineer"},
{"name":"Structural Analysis Engineer"},
{"name":"Sales Associate"},
{"name":"Cost Accountant"},
{"name":"Physical Therapy Assistant"},
{"name":"Account Representative I"},
{"name":"Legal Assistant"},
{"name":"Analog Circuit Design manager"},
{"name":"Electrical Engineer"},
{"name":"Mechanical Systems Engineer"},
{"name":"Product Engineer"},
{"name":"Payment Adjustment Coordinator"},
{"name":"Staff Scientist"},
{"name":"Analyst Programmer"},
{"name":"Quality Engineer"},
{"name":"Senior Editor"},
{"name":"Compensation Analyst"},
{"name":"Nuclear Power Engineer"},
{"name":"Sales Representative"},
{"name":"Help Desk Operator"},
{"name":"Software Test Engineer IV"},
{"name":"Budget/Accounting Analyst III"},
{"name":"Product Engineer"},
{"name":"Financial Advisor"},
{"name":"Web Designer I"},
{"name":"Editor"},
{"name":"Electrical Engineer"},
{"name":"Software Test Engineer II"},
{"name":"Marketing Manager"},
{"name":"Help Desk Technician"},
{"name":"Editor"},
{"name":"Environmental Specialist"},
{"name":"Technical Writer"},
{"name":"Teacher"},
{"name":"GIS Technical Architect"},
{"name":"Operator"},
{"name":"Legal Assistant"},
{"name":"Automation Specialist II"},
{"name":"Executive Secretary"},
{"name":"Account Coordinator"},
{"name":"Actuary"},
{"name":"Safety Technician II"},
{"name":"Director of Sales"},
{"name":"Project Manager"},
{"name":"Project Manager"},
{"name":"Data Coordiator"},
{"name":"Account Executive"},
{"name":"Quality Control Specialist"},
{"name":"Marketing Assistant"},
{"name":"VP Product Management"},
{"name":"Analog Circuit Design manager"},
{"name":"Help Desk Technician"},
{"name":"Clinical Specialist"},
{"name":"Desktop Support Technician"},
{"name":"Physical Therapy Assistant"},
{"name":"Account Coordinator"},
{"name":"Director of Sales"},
{"name":"Community Outreach Specialist"},
{"name":"Nurse Practicioner"},
{"name":"Media Manager III"},
{"name":"Database Administrator IV"},
{"name":"Nuclear Power Engineer"},
{"name":"General Manager"},
{"name":"Technical Writer"},
{"name":"Structural Engineer"},
{"name":"Librarian"},
{"name":"Analog Circuit Design manager"},
{"name":"Financial Advisor"},
{"name":"GIS Technical Architect"},
{"name":"Engineer I"},
{"name":"VP Quality Control"},
{"name":"Professor"},
{"name":"Assistant Manager"},
{"name":"Operator"},
{"name":"Automation Specialist IV"},
{"name":"Director of Sales"},
{"name":"Teacher"},
{"name":"Safety Technician II"},
{"name":"Data Coordiator"},
{"name":"Account Coordinator"},
{"name":"Design Engineer"},
{"name":"Director of Sales"},
{"name":"Research Nurse"},
{"name":"Actuary"},
{"name":"Quality Engineer"},
{"name":"Account Representative IV"},
{"name":"Tax Accountant"},
{"name":"Registered Nurse"},
{"name":"Chief Design Engineer"},
{"name":"Assistant Manager"},
{"name":"Research Nurse"},
{"name":"Research Associate"},
{"name":"Budget/Accounting Analyst II"},
{"name":"Staff Accountant IV"},
{"name":"Administrative Officer"},
{"name":"Research Nurse"},
{"name":"Sales Representative"},
{"name":"Recruiter"},
{"name":"Health Coach II"},
{"name":"Internal Auditor"},
{"name":"Structural Engineer"},
{"name":"Media Manager IV"},
{"name":"Help Desk Technician"},
{"name":"Food Chemist"},
{"name":"Actuary"},
{"name":"Community Outreach Specialist"},
{"name":"Biostatistician I"},
{"name":"Research Associate"},
{"name":"Administrative Officer"},
{"name":"Web Developer IV"},
{"name":"Quality Engineer"},
{"name":"Help Desk Technician"},
{"name":"Accountant I"},
{"name":"Help Desk Technician"},
{"name":"Systems Administrator IV"},
{"name":"Director of Sales"},
{"name":"Recruiter"},
{"name":"Biostatistician I"},
{"name":"Automation Specialist II"},
{"name":"Financial Analyst"},
{"name":"Occupational Therapist"},
{"name":"Administrative Officer"},
{"name":"Research Assistant IV"},
{"name":"GIS Technical Architect"},
{"name":"Programmer I"},
{"name":"Computer Systems Analyst III"},
{"name":"VP Accounting"},
{"name":"Mechanical Systems Engineer"},
{"name":"Product Engineer"},
{"name":"Accounting Assistant II"},
{"name":"Assistant Manager"},
{"name":"Help Desk Operator"},
{"name":"VP Marketing"},
{"name":"Health Coach III"},
{"name":"Senior Financial Analyst"},
{"name":"Pharmacist"},
{"name":"Computer Systems Analyst I"},
{"name":"Human Resources Assistant I"},
{"name":"Account Representative I"},
{"name":"Desktop Support Technician"},
{"name":"Operator"},
{"name":"Librarian"},
{"name":"Executive Secretary"},
{"name":"Budget/Accounting Analyst IV"},
{"name":"Administrative Assistant IV"},
{"name":"Programmer Analyst IV"},
{"name":"Financial Analyst"},
{"name":"Physical Therapy Assistant"},
{"name":"Dental Hygienist"},
{"name":"Database Administrator II"},
{"name":"Registered Nurse"},
{"name":"Administrative Officer"},
{"name":"Budget/Accounting Analyst II"},
{"name":"Pharmacist"},
{"name":"Chief Design Engineer"},
{"name":"VP Product Management"},
{"name":"VP Product Management"},
{"name":"Business Systems Development Analyst"},
{"name":"Executive Secretary"},
{"name":"VP Product Management"},
{"name":"Desktop Support Technician"},
{"name":"Geological Engineer"},
{"name":"Nurse"},
{"name":"Pharmacist"},
{"name":"Automation Specialist IV"},
{"name":"Electrical Engineer"},
{"name":"Recruiting Manager"},
{"name":"Operator"},
{"name":"Senior Editor"},
{"name":"Senior Financial Analyst"},
{"name":"Nurse Practicioner"},
{"name":"Office Assistant II"},
{"name":"Occupational Therapist"},
{"name":"GIS Technical Architect"},
{"name":"VP Quality Control"},
{"name":"VP Sales"},
{"name":"Payment Adjustment Coordinator"},
{"name":"Help Desk Operator"},
{"name":"Computer Systems Analyst II"},
{"name":"Information Systems Manager"},
{"name":"Analyst Programmer"},
{"name":"Marketing Manager"},
{"name":"Electrical Engineer"},
{"name":"Senior Developer"},
{"name":"Chemical Engineer"},
{"name":"Structural Analysis Engineer"},
{"name":"Tax Accountant"},
{"name":"Staff Scientist"},
{"name":"Editor"},
{"name":"Clinical Specialist"},
{"name":"Product Engineer"},
{"name":"Senior Editor"},
{"name":"Office Assistant III"},
{"name":"Systems Administrator IV"},
{"name":"VP Sales"},
{"name":"Accounting Assistant IV"},
{"name":"Structural Engineer"},
{"name":"Financial Analyst"},
{"name":"Speech Pathologist"},
{"name":"Programmer IV"},
{"name":"Health Coach III"},
{"name":"Payment Adjustment Coordinator"},
{"name":"Recruiting Manager"},
{"name":"Office Assistant I"},
{"name":"Administrative Officer"},
{"name":"Civil Engineer"},
{"name":"VP Sales"},
{"name":"Quality Engineer"},
{"name":"VP Quality Control"},
{"name":"VP Quality Control"},
{"name":"Office Assistant I"},
{"name":"Human Resources Manager"},
{"name":"Web Developer I"},
{"name":"Senior Quality Engineer"},
{"name":"Desktop Support Technician"},
{"name":"Sales Representative"},
{"name":"Payment Adjustment Coordinator"},
{"name":"Assistant Professor"},
{"name":"Tax Accountant"},
{"name":"Research Assistant I"},
{"name":"Electrical Engineer"},
{"name":"Administrative Officer"},
{"name":"Recruiter"},
{"name":"Engineer I"},
{"name":"Quality Engineer"},
{"name":"Senior Cost Accountant"},
{"name":"Product Engineer"},
{"name":"Clinical Specialist"},
{"name":"Professor"},
{"name":"VP Marketing"},
{"name":"Editor"},
{"name":"Nuclear Power Engineer"},
{"name":"Junior Executive"},
{"name":"Software Engineer II"},
{"name":"Geologist III"},
{"name":"Quality Engineer"},
{"name":"Database Administrator I"},
{"name":"Safety Technician II"},
{"name":"Quality Control Specialist"},
{"name":"Senior Sales Associate"},
{"name":"Sales Representative"},
{"name":"Physical Therapy Assistant"},
{"name":"Safety Technician II"},
{"name":"Mechanical Systems Engineer"},
{"name":"VP Sales"},
{"name":"Associate Professor"},
{"name":"Web Designer III"},
{"name":"VP Sales"},
{"name":"Teacher"},
{"name":"Marketing Assistant"},
{"name":"Compensation Analyst"},
{"name":"Recruiter"},
{"name":"Junior Executive"},
{"name":"Quality Engineer"},
{"name":"Budget/Accounting Analyst I"},
{"name":"Geologist I"},
{"name":"Social Worker"},
{"name":"Analog Circuit Design manager"},
{"name":"Cost Accountant"},
{"name":"Business Systems Development Analyst"},
{"name":"Marketing Assistant"},
{"name":"Safety Technician II"},
{"name":"Budget/Accounting Analyst I"},
{"name":"Actuary"},
{"name":"Programmer II"},
{"name":"Technical Writer"},
{"name":"Pharmacist"},
{"name":"Nurse"},
{"name":"Electrical Engineer"},
{"name":"Senior Cost Accountant"},
{"name":"Tax Accountant"},
{"name":"VP Accounting"},
{"name":"General Manager"},
{"name":"VP Marketing"},
{"name":"Community Outreach Specialist"},
{"name":"Paralegal"},
{"name":"Safety Technician III"},
{"name":"Account Coordinator"},
{"name":"Nuclear Power Engineer"},
{"name":"Staff Accountant I"},
{"name":"Analyst Programmer"},
{"name":"Geological Engineer"},
{"name":"Legal Assistant"},
{"name":"Product Engineer"},
{"name":"Safety Technician I"},
{"name":"Desktop Support Technician"},
{"name":"Community Outreach Specialist"},
{"name":"Biostatistician IV"},
{"name":"Quality Engineer"},
{"name":"Registered Nurse"},
{"name":"Paralegal"},
{"name":"Tax Accountant"},
{"name":"Media Manager IV"},
{"name":"Accountant III"},
{"name":"Operator"},
{"name":"Professor"},
{"name":"Design Engineer"},
{"name":"Software Engineer I"},
{"name":"Cost Accountant"},
{"name":"Biostatistician IV"},
{"name":"GIS Technical Architect"},
{"name":"Geologist I"},
{"name":"Desktop Support Technician"},
{"name":"Pharmacist"},
{"name":"Tax Accountant"},
{"name":"Product Engineer"},
{"name":"Operator"},
{"name":"Office Assistant II"},
{"name":"Senior Editor"},
{"name":"Accountant I"},
{"name":"Cost Accountant"},
{"name":"Developer IV"},
{"name":"Associate Professor"},
{"name":"Professor"},
{"name":"Marketing Assistant"},
{"name":"Librarian"},
{"name":"Occupational Therapist"},
{"name":"Help Desk Operator"},
{"name":"Quality Control Specialist"},
{"name":"Registered Nurse"},
{"name":"Assistant Manager"},
{"name":"Payment Adjustment Coordinator"},
{"name":"Civil Engineer"},
{"name":"Internal Auditor"},
{"name":"GIS Technical Architect"},
{"name":"Systems Administrator II"},
{"name":"Financial Analyst"},
{"name":"Product Engineer"},
{"name":"VP Accounting"},
{"name":"Staff Accountant IV"},
{"name":"Analog Circuit Design manager"},
{"name":"Actuary"},
{"name":"Financial Analyst"},
{"name":"Accounting Assistant I"},
{"name":"Research Nurse"},
{"name":"Sales Associate"},
{"name":"Executive Secretary"},
{"name":"Graphic Designer"},
{"name":"Chief Design Engineer"},
{"name":"Account Executive"},
{"name":"VP Sales"},
{"name":"Compensation Analyst"},
{"name":"Paralegal"},
{"name":"Budget/Accounting Analyst IV"},
{"name":"Nurse Practicioner"},
{"name":"Quality Engineer"},
{"name":"Speech Pathologist"},
{"name":"Help Desk Technician"},
{"name":"Chief Design Engineer"},
{"name":"Recruiter"},
{"name":"Recruiter"},
{"name":"Nuclear Power Engineer"},
{"name":"Data Coordiator"},
{"name":"Financial Advisor"},
{"name":"Data Coordiator"},
{"name":"Staff Scientist"},
{"name":"Human Resources Manager"},
{"name":"Clinical Specialist"},
{"name":"Registered Nurse"},
{"name":"Office Assistant III"},
{"name":"Budget/Accounting Analyst IV"},
{"name":"Information Systems Manager"},
{"name":"Junior Executive"},
{"name":"Technical Writer"},
{"name":"Media Manager II"},
{"name":"Junior Executive"},
{"name":"Senior Sales Associate"},
{"name":"Research Associate"},
{"name":"Geological Engineer"},
{"name":"Senior Sales Associate"},
{"name":"Systems Administrator I"},
{"name":"Teacher"},
{"name":"Environmental Tech"},
{"name":"Paralegal"},
{"name":"Web Designer III"},
{"name":"Civil Engineer"},
{"name":"Research Nurse"},
{"name":"Human Resources Assistant III"},
{"name":"Programmer II"},
{"name":"Payment Adjustment Coordinator"},
{"name":"Health Coach I"},
{"name":"Software Engineer II"},
{"name":"Biostatistician III"},
{"name":"Assistant Professor"},
{"name":"Software Engineer IV"},
{"name":"Assistant Media Planner"},
{"name":"Graphic Designer"},
{"name":"Programmer I"},
{"name":"Biostatistician IV"},
{"name":"Paralegal"},
{"name":"Human Resources Assistant IV"},
{"name":"Recruiter"},
{"name":"Human Resources Assistant I"},
{"name":"Physical Therapy Assistant"},
{"name":"Structural Analysis Engineer"},
{"name":"Senior Cost Accountant"},
{"name":"VP Marketing"},
{"name":"Product Engineer"},
{"name":"VP Quality Control"},
{"name":"Clinical Specialist"},
{"name":"Account Executive"},
{"name":"Recruiter"},
{"name":"Human Resources Assistant IV"},
{"name":"Automation Specialist IV"},
{"name":"Recruiting Manager"},
{"name":"Programmer II"},
{"name":"Teacher"},
{"name":"Legal Assistant"},
{"name":"Business Systems Development Analyst"},
{"name":"Chief Design Engineer"},
{"name":"Budget/Accounting Analyst I"},
{"name":"Electrical Engineer"},
{"name":"Automation Specialist I"},
{"name":"General Manager"},
{"name":"Internal Auditor"},
{"name":"Statistician IV"},
{"name":"Accountant III"},
{"name":"Assistant Media Planner"},
{"name":"Nurse"},
{"name":"Actuary"},
{"name":"Marketing Assistant"},
{"name":"Speech Pathologist"},
{"name":"Financial Advisor"},
{"name":"Senior Quality Engineer"},
{"name":"Director of Sales"},
{"name":"Human Resources Assistant IV"},
{"name":"Analyst Programmer"},
{"name":"Compensation Analyst"},
{"name":"Actuary"},
{"name":"Systems Administrator IV"},
{"name":"Human Resources Assistant IV"},
{"name":"Senior Editor"},
{"name":"Technical Writer"},
{"name":"Programmer I"},
{"name":"Cost Accountant"},
{"name":"Help Desk Operator"},
{"name":"Web Developer II"},
{"name":"Account Executive"},
{"name":"Compensation Analyst"},
{"name":"Quality Engineer"},
{"name":"Pharmacist"},
{"name":"Marketing Manager"},
{"name":"Programmer Analyst II"},
{"name":"Accountant II"},
{"name":"Human Resources Manager"},
{"name":"Payment Adjustment Coordinator"},
{"name":"Registered Nurse"},
{"name":"Editor"},
{"name":"Administrative Assistant II"},
{"name":"Research Assistant IV"},
{"name":"Administrative Assistant II"},
{"name":"Assistant Media Planner"},
{"name":"Graphic Designer"},
{"name":"Dental Hygienist"},
{"name":"Account Representative I"},
{"name":"Technical Writer"},
{"name":"Graphic Designer"},
{"name":"Automation Specialist I"},
{"name":"Account Representative III"},
{"name":"Quality Engineer"},
{"name":"Electrical Engineer"},
{"name":"Structural Analysis Engineer"},
{"name":"Help Desk Technician"},
{"name":"Mechanical Systems Engineer"},
{"name":"Senior Quality Engineer"},
{"name":"Civil Engineer"},
{"name":"Payment Adjustment Coordinator"},
{"name":"Actuary"},
{"name":"Software Test Engineer I"},
{"name":"Tax Accountant"},
{"name":"Design Engineer"},
{"name":"Programmer Analyst IV"},
{"name":"Information Systems Manager"},
{"name":"Environmental Tech"},
{"name":"Food Chemist"},
{"name":"Software Engineer II"},
{"name":"Food Chemist"},
{"name":"Computer Systems Analyst I"},
{"name":"Information Systems Manager"},
{"name":"Account Representative II"},
{"name":"Dental Hygienist"},
{"name":"Quality Engineer"},
{"name":"Geologist I"},
{"name":"Staff Scientist"},
{"name":"Design Engineer"},
{"name":"Accountant I"},
{"name":"GIS Technical Architect"},
{"name":"Structural Engineer"},
{"name":"Occupational Therapist"},
{"name":"Help Desk Technician"},
{"name":"Senior Sales Associate"},
{"name":"Chemical Engineer"},
{"name":"Compensation Analyst"},
{"name":"Information Systems Manager"},
{"name":"Assistant Manager"},
{"name":"Senior Quality Engineer"},
{"name":"Associate Professor"},
{"name":"Account Coordinator"},
{"name":"Engineer III"},
{"name":"Geological Engineer"},
{"name":"Compensation Analyst"},
{"name":"Quality Engineer"},
{"name":"Marketing Assistant"},
{"name":"Senior Quality Engineer"},
{"name":"Accounting Assistant III"},
{"name":"Human Resources Manager"},
{"name":"Clinical Specialist"},
{"name":"Quality Control Specialist"},
{"name":"Chemical Engineer"},
{"name":"Assistant Media Planner"},
{"name":"Director of Sales"},
{"name":"Health Coach IV"},
{"name":"VP Quality Control"},
{"name":"Environmental Specialist"},
{"name":"Financial Advisor"},
{"name":"Junior Executive"},
{"name":"Environmental Specialist"},
{"name":"Senior Sales Associate"},
{"name":"Computer Systems Analyst I"},
{"name":"Research Associate"},
{"name":"Structural Analysis Engineer"},
{"name":"Analog Circuit Design manager"},
{"name":"Senior Editor"},
{"name":"Dental Hygienist"},
{"name":"Speech Pathologist"},
{"name":"Financial Analyst"},
{"name":"Biostatistician III"},
{"name":"Compensation Analyst"},
{"name":"Social Worker"},
{"name":"Research Nurse"},
{"name":"Business Systems Development Analyst"},
{"name":"Librarian"},
{"name":"Administrative Officer"},
{"name":"Senior Sales Associate"},
{"name":"Software Test Engineer IV"},
{"name":"Administrative Assistant I"},
{"name":"Registered Nurse"},
{"name":"Teacher"},
{"name":"Sales Representative"},
{"name":"Editor"},
{"name":"Sales Associate"},
{"name":"Administrative Assistant IV"},
{"name":"Environmental Tech"},
{"name":"Senior Editor"},
{"name":"Sales Associate"},
{"name":"Registered Nurse"},
{"name":"Computer Systems Analyst II"},
{"name":"Nurse Practicioner"},
{"name":"Environmental Tech"},
{"name":"Physical Therapy Assistant"},
{"name":"Account Representative III"},
{"name":"Graphic Designer"},
{"name":"Project Manager"},
{"name":"Physical Therapy Assistant"},
{"name":"VP Product Management"},
{"name":"Developer I"},
{"name":"Operator"},
{"name":"Editor"},
{"name":"Account Representative IV"},
{"name":"Food Chemist"},
{"name":"Recruiter"},
{"name":"Help Desk Technician"},
{"name":"Chief Design Engineer"},
{"name":"Internal Auditor"},
{"name":"Senior Sales Associate"},
{"name":"Geological Engineer"},
{"name":"Programmer Analyst I"},
{"name":"VP Accounting"},
{"name":"Statistician I"},
{"name":"Associate Professor"},
{"name":"Financial Analyst"},
{"name":"Cost Accountant"},
{"name":"Research Associate"},
{"name":"Account Representative III"},
{"name":"Librarian"},
{"name":"Account Coordinator"},
{"name":"Human Resources Manager"},
{"name":"Electrical Engineer"},
{"name":"Sales Representative"},
{"name":"Technical Writer"},
{"name":"Account Executive"},
{"name":"Statistician IV"},
{"name":"Administrative Assistant III"},
{"name":"Developer II"},
{"name":"Senior Sales Associate"},
{"name":"Marketing Assistant"},
{"name":"Librarian"},
{"name":"Account Representative I"},
{"name":"Staff Scientist"},
{"name":"Help Desk Operator"},
{"name":"Dental Hygienist"},
{"name":"Payment Adjustment Coordinator"},
{"name":"Account Executive"},
{"name":"VP Sales"},
{"name":"Administrative Assistant IV"},
{"name":"Internal Auditor"},
{"name":"Assistant Manager"},
{"name":"Account Executive"},
{"name":"Electrical Engineer"},
{"name":"Staff Scientist"},
{"name":"Legal Assistant"},
{"name":"Media Manager II"},
{"name":"Pharmacist"},
{"name":"Help Desk Operator"},
{"name":"Design Engineer"},
{"name":"Quality Engineer"},
{"name":"Help Desk Technician"},
{"name":"Systems Administrator III"},
{"name":"Librarian"},
{"name":"Environmental Tech"},
{"name":"Actuary"},
{"name":"Tax Accountant"},
{"name":"Quality Control Specialist"},
{"name":"VP Marketing"},
{"name":"Electrical Engineer"},
{"name":"Dental Hygienist"},
{"name":"Accounting Assistant I"},
{"name":"Food Chemist"},
{"name":"Food Chemist"},
{"name":"Senior Quality Engineer"},
{"name":"Software Test Engineer III"},
{"name":"Accountant I"},
{"name":"Quality Control Specialist"},
{"name":"Community Outreach Specialist"},
{"name":"Mechanical Systems Engineer"},
{"name":"Financial Analyst"},
{"name":"Dental Hygienist"},
{"name":"Assistant Media Planner"},
{"name":"Senior Financial Analyst"},
{"name":"Recruiting Manager"},
{"name":"Human Resources Assistant IV"},
{"name":"Help Desk Technician"},
{"name":"Desktop Support Technician"},
{"name":"Recruiter"},
{"name":"Automation Specialist IV"},
{"name":"Geological Engineer"},
{"name":"Account Executive"},
{"name":"Director of Sales"},
{"name":"Automation Specialist IV"},
{"name":"Associate Professor"},
{"name":"Marketing Assistant"},
{"name":"Web Developer I"},
{"name":"Assistant Manager"},
{"name":"Sales Associate"},
{"name":"Senior Cost Accountant"},
{"name":"Analyst Programmer"},
{"name":"Research Nurse"},
{"name":"Statistician III"},
{"name":"Paralegal"},
{"name":"Help Desk Technician"},
{"name":"Nuclear Power Engineer"},
{"name":"Systems Administrator I"},
{"name":"Project Manager"},
{"name":"Food Chemist"},
{"name":"Pharmacist"},
{"name":"Actuary"},
{"name":"Statistician II"},
{"name":"Office Assistant III"},
{"name":"Senior Quality Engineer"},
{"name":"Staff Accountant IV"},
{"name":"Professor"},
{"name":"Biostatistician IV"},
{"name":"Project Manager"},
{"name":"Staff Accountant II"},
{"name":"Teacher"},
{"name":"Community Outreach Specialist"},
{"name":"Safety Technician IV"},
{"name":"Sales Representative"},
{"name":"Dental Hygienist"},
{"name":"Software Test Engineer IV"},
{"name":"Professor"},
{"name":"Professor"},
{"name":"VP Sales"},
{"name":"Compensation Analyst"},
{"name":"Web Developer IV"},
{"name":"Cost Accountant"},
{"name":"Information Systems Manager"},
{"name":"Programmer Analyst I"},
{"name":"Cost Accountant"},
{"name":"Web Designer III"},
{"name":"Project Manager"},
{"name":"Staff Scientist"},
{"name":"Professor"},
{"name":"Technical Writer"},
{"name":"Engineer I"},
{"name":"Budget/Accounting Analyst III"},
{"name":"Executive Secretary"},
{"name":"GIS Technical Architect"},
{"name":"Systems Administrator IV"},
{"name":"Executive Secretary"},
{"name":"Registered Nurse"},
{"name":"Tax Accountant"},
{"name":"Registered Nurse"},
{"name":"VP Accounting"},
{"name":"Structural Analysis Engineer"},
{"name":"Mechanical Systems Engineer"},
{"name":"VP Quality Control"},
{"name":"Assistant Media Planner"},
{"name":"Accounting Assistant III"},
{"name":"Research Associate"},
{"name":"Sales Representative"},
{"name":"Developer II"},
{"name":"Senior Editor"},
{"name":"Editor"},
{"name":"Recruiting Manager"},
{"name":"Design Engineer"},
{"name":"Marketing Manager"},
{"name":"Biostatistician IV"},
{"name":"Community Outreach Specialist"},
{"name":"VP Marketing"},
{"name":"Assistant Professor"},
{"name":"Desktop Support Technician"},
{"name":"Statistician III"},
{"name":"Project Manager"},
{"name":"Web Designer I"},
{"name":"Assistant Manager"},
{"name":"Electrical Engineer"},
{"name":"Professor"},
{"name":"Chemical Engineer"},
{"name":"Pharmacist"},
{"name":"Registered Nurse"},
{"name":"Senior Cost Accountant"},
{"name":"Software Consultant"},
{"name":"Registered Nurse"},
{"name":"Quality Engineer"},
{"name":"Physical Therapy Assistant"},
{"name":"Geologist II"},
{"name":"Staff Scientist"},
{"name":"Staff Accountant IV"},
{"name":"Recruiter"},
{"name":"Librarian"},
{"name":"Budget/Accounting Analyst IV"},
{"name":"Senior Quality Engineer"},
{"name":"Dental Hygienist"},
{"name":"Recruiter"},
{"name":"Physical Therapy Assistant"},
{"name":"Human Resources Assistant I"},
{"name":"Assistant Professor"},
{"name":"Dental Hygienist"},
{"name":"Database Administrator III"},
{"name":"Administrative Officer"},
{"name":"Account Executive"},
{"name":"Statistician II"},
{"name":"Graphic Designer"},
{"name":"Biostatistician II"},
{"name":"Physical Therapy Assistant"},
{"name":"Business Systems Development Analyst"},
{"name":"Senior Quality Engineer"},
{"name":"Software Consultant"},
{"name":"Assistant Media Planner"},
{"name":"Physical Therapy Assistant"},
{"name":"Nurse Practicioner"},
{"name":"Analog Circuit Design manager"},
{"name":"Associate Professor"},
{"name":"Electrical Engineer"},
{"name":"Administrative Officer"},
{"name":"Director of Sales"},
{"name":"Programmer Analyst III"},
{"name":"Research Nurse"},
{"name":"Associate Professor"},
{"name":"Cost Accountant"},
{"name":"Chief Design Engineer"},
{"name":"Account Representative III"},
{"name":"Financial Advisor"},
{"name":"Pharmacist"},
{"name":"Media Manager I"},
{"name":"Geologist III"},
{"name":"Desktop Support Technician"},
{"name":"Systems Administrator II"},
{"name":"Biostatistician I"},
{"name":"Teacher"},
{"name":"Nurse Practicioner"},
{"name":"Recruiter"},
{"name":"Senior Cost Accountant"},
{"name":"VP Quality Control"},
{"name":"VP Sales"},
{"name":"Occupational Therapist"},
{"name":"Librarian"},
{"name":"Programmer II"},
{"name":"Registered Nurse"},
{"name":"Senior Editor"},
{"name":"Mechanical Systems Engineer"},
{"name":"Payment Adjustment Coordinator"},
{"name":"Technical Writer"},
{"name":"Senior Sales Associate"},
{"name":"VP Marketing"},
{"name":"Quality Engineer"},
{"name":"GIS Technical Architect"},
{"name":"Actuary"},
{"name":"Senior Editor"},
{"name":"Health Coach III"},
{"name":"Account Coordinator"},
{"name":"Data Coordiator"},
{"name":"Quality Engineer"},
{"name":"Technical Writer"},
{"name":"Accountant II"},
{"name":"Assistant Professor"},
{"name":"Data Coordiator"},
{"name":"VP Product Management"},
{"name":"Administrative Officer"},
{"name":"Web Designer IV"},
{"name":"Quality Engineer"},
{"name":"Administrative Assistant IV"},
{"name":"Speech Pathologist"},
{"name":"Structural Analysis Engineer"},
{"name":"Chemical Engineer"},
{"name":"Chief Design Engineer"},
{"name":"Operator"},
{"name":"Account Coordinator"},
{"name":"Software Test Engineer III"},
{"name":"Software Test Engineer III"},
{"name":"Research Associate"},
{"name":"Product Engineer"},
{"name":"Office Assistant II"},
{"name":"VP Quality Control"},
{"name":"Graphic Designer"},
{"name":"Registered Nurse"},
{"name":"Product Engineer"},
{"name":"Senior Sales Associate"},
{"name":"Legal Assistant"},
{"name":"Research Associate"},
{"name":"Health Coach IV"},
{"name":"VP Marketing"},
{"name":"VP Quality Control"},
{"name":"Professor"},
{"name":"Electrical Engineer"},
{"name":"Cost Accountant"},
{"name":"Staff Scientist"},
{"name":"Operator"},
{"name":"Professor"},
{"name":"Structural Analysis Engineer"},
{"name":"Software Engineer III"},
{"name":"Help Desk Technician"},
{"name":"Environmental Specialist"},
{"name":"Programmer Analyst IV"},
{"name":"Research Associate"},
{"name":"Compensation Analyst"},
{"name":"Software Test Engineer I"},
{"name":"Project Manager"},
{"name":"Legal Assistant"},
{"name":"Research Nurse"},
{"name":"Librarian"},
{"name":"VP Product Management"},
{"name":"Research Associate"},
{"name":"VP Sales"},
{"name":"Quality Engineer"},
{"name":"Pharmacist"},
{"name":"Structural Engineer"},
{"name":"Recruiting Manager"},
{"name":"VP Sales"},
{"name":"Accounting Assistant III"},
{"name":"Quality Engineer"},
{"name":"Senior Developer"},
{"name":"Actuary"},
{"name":"Structural Analysis Engineer"},
{"name":"Senior Quality Engineer"},
{"name":"Senior Developer"},
{"name":"Software Consultant"},
{"name":"Nurse"},
{"name":"Payment Adjustment Coordinator"},
{"name":"Product Engineer"},
{"name":"Cost Accountant"},
{"name":"Web Designer III"},
{"name":"Analyst Programmer"},
{"name":"VP Marketing"},
{"name":"Teacher"},
{"name":"Biostatistician I"},
{"name":"Executive Secretary"},
{"name":"Office Assistant II"},
{"name":"Web Designer III"},
{"name":"Legal Assistant"},
{"name":"Executive Secretary"},
{"name":"Software Engineer I"},
{"name":"VP Sales"},
{"name":"Biostatistician II"},
{"name":"Chemical Engineer"},
{"name":"Assistant Manager"},
{"name":"Chemical Engineer"},
{"name":"Financial Analyst"},
{"name":"Design Engineer"},
{"name":"Quality Engineer"},
{"name":"Database Administrator II"},
{"name":"Structural Analysis Engineer"},
{"name":"Environmental Tech"},
{"name":"Editor"},
{"name":"Librarian"},
{"name":"Senior Cost Accountant"},
{"name":"General Manager"},
{"name":"Systems Administrator I"},
{"name":"Actuary"},
{"name":"Help Desk Technician"},
{"name":"Research Nurse"},
{"name":"Statistician III"},
{"name":"Associate Professor"},
{"name":"Assistant Manager"},
{"name":"Social Worker"},
{"name":"Human Resources Manager"},
{"name":"Social Worker"},
{"name":"VP Quality Control"},
{"name":"Human Resources Assistant I"},
{"name":"Budget/Accounting Analyst III"},
{"name":"Analog Circuit Design manager"},
{"name":"Technical Writer"},
{"name":"VP Quality Control"},
{"name":"Nurse"},
{"name":"Clinical Specialist"},
{"name":"Accountant II"},
{"name":"VP Marketing"},
{"name":"Legal Assistant"},
{"name":"Community Outreach Specialist"},
{"name":"Accounting Assistant II"},
{"name":"Systems Administrator III"},
{"name":"Desktop Support Technician"}]