[{"name":"Programmer III"},
{"name":"Research Associate"},
{"name":"Chief Design Engineer"},
{"name":"Research Nurse"},
{"name":"Technical Writer"},
{"name":"Information Systems Manager"},
{"name":"Assistant Professor"},
{"name":"Biostatistician III"},
{"name":"GIS Technical Architect"},
{"name":"Recruiter"},
{"name":"Director of Sales"},
{"name":"Sales Representative"},
{"name":"Systems Administrator II"},
{"name":"Administrative Officer"},
{"name":"Quality Engineer"},
{"name":"Health Coach IV"},
{"name":"Engineer II"},
{"name":"Clinical Specialist"},
{"name":"Data Coordiator"},
{"name":"Database Administrator III"},
{"name":"Technical Writer"},
{"name":"Marketing Assistant"},
{"name":"Speech Pathologist"},
{"name":"VP Sales"},
{"name":"Senior Financial Analyst"},
{"name":"Statistician II"},
{"name":"Assistant Manager"},
{"name":"VP Sales"},
{"name":"Paralegal"},
{"name":"Actuary"},
{"name":"GIS Technical Architect"},
{"name":"Editor"},
{"name":"Help Desk Operator"},
{"name":"Food Chemist"},
{"name":"Accountant IV"},
{"name":"Payment Adjustment Coordinator"},
{"name":"Statistician III"},
{"name":"Assistant Professor"},
{"name":"Director of Sales"},
{"name":"Senior Sales Associate"},
{"name":"Social Worker"},
{"name":"Speech Pathologist"},
{"name":"Developer II"},
{"name":"Financial Analyst"},
{"name":"Graphic Designer"},
{"name":"Staff Accountant IV"},
{"name":"Senior Cost Accountant"},
{"name":"Graphic Designer"},
{"name":"Marketing Manager"},
{"name":"Account Representative III"},
{"name":"Automation Specialist IV"},
{"name":"Geological Engineer"},
{"name":"Senior Sales Associate"},
{"name":"Engineer II"},
{"name":"Chief Design Engineer"},
{"name":"Account Coordinator"},
{"name":"Graphic Designer"},
{"name":"Community Outreach Specialist"},
{"name":"Nuclear Power Engineer"},
{"name":"Physical Therapy Assistant"},
{"name":"Research Associate"},
{"name":"Automation Specialist IV"},
{"name":"Occupational Therapist"},
{"name":"Clinical Specialist"},
{"name":"Recruiting Manager"},
{"name":"Account Coordinator"},
{"name":"Statistician II"},
{"name":"Dental Hygienist"},
{"name":"Electrical Engineer"},
{"name":"Chemical Engineer"},
{"name":"Geological Engineer"},
{"name":"Developer II"},
{"name":"Geologist II"},
{"name":"Technical Writer"},
{"name":"Registered Nurse"},
{"name":"Database Administrator III"},
{"name":"Nurse Practicioner"},
{"name":"Sales Associate"},
{"name":"Senior Editor"},
{"name":"Executive Secretary"},
{"name":"Graphic Designer"},
{"name":"Junior Executive"},
{"name":"Safety Technician III"},
{"name":"Assistant Manager"},
{"name":"Community Outreach Specialist"},
{"name":"Speech Pathologist"},
{"name":"Assistant Professor"},
{"name":"Executive Secretary"},
{"name":"Editor"},
{"name":"Mechanical Systems Engineer"},
{"name":"Business Systems Development Analyst"},
{"name":"VP Marketing"},
{"name":"Staff Accountant III"},
{"name":"Web Designer I"},
{"name":"Web Designer II"},
{"name":"Software Consultant"},
{"name":"Staff Accountant III"},
{"name":"Professor"},
{"name":"VP Marketing"},
{"name":"Web Developer III"}]